まさや-名詞-固有名詞-人名-名-*-*,まさや,マサヤ,名詞,固有名詞,人名,名,*,*
:-補助記号-一般-*-*-*-*,:,キゴウ,補助記号,一般,*,*,*,*
 -空白-*-*-*-*-*, ,キゴウ,空白,*,*,*,*,*
ようこ-名詞-固有名詞-人名-名-*-*,ようこ,ヨウコ,名詞,固有名詞,人名,名,*,*
さん-接尾辞-名詞的-一般-*-*-*,さん,サン,接尾辞,名詞的,一般,*,*,*
、-補助記号-読点-*-*-*-*,、,、,補助記号,読点,*,*,*,*
らいしゅう-名詞-普通名詞-副詞可能-*-*-*,らいしゅう,ライシュウ,名詞,普通名詞,副詞可能,*,*,*
は-助詞-係助詞-*-*-*-*,は,ハ,助詞,係助詞,*,*,*,*
いもうと-名詞-普通名詞-一般-*-*-*,いもうと,イモウト,名詞,普通名詞,一般,*,*,*
の-助詞-格助詞-*-*-*-*,の,ノ,助詞,格助詞,*,*,*,*
たん生-名詞-普通名詞-サ変可能-*-*-*,たん生,タンジョウ,名詞,普通名詞,サ変可能,*,*,*
日-名詞-普通名詞-副詞可能-*-*-*,日,ヒ,名詞,普通名詞,副詞可能,*,*,*
です-助動詞-*-*-*-助動詞-デス-終止形-一般,です,デス,助動詞,*,*,*,助動詞-デス,終止形-一般
。-補助記号-句点-*-*-*-*,。,。,補助記号,句点,*,*,*,*
だ-助動詞-*-*-*-助動詞-ダ-終止形-一般,だ,ダ,助動詞,*,*,*,助動詞-ダ,終止形-一般
から-助詞-接続助詞-*-*-*-*,から,カラ,助詞,接続助詞,*,*,*,*
プレゼント-名詞-普通名詞-サ変可能-*-*-*,プレゼント,プレゼント,名詞,普通名詞,サ変可能,*,*,*
を-助詞-格助詞-*-*-*-*,を,ヲ,助詞,格助詞,*,*,*,*
かう-動詞-一般-*-*-五段-ワア行-連用形-一般,かう,カイ,動詞,一般,*,*,五段-ワア行,連用形-一般
たい-助動詞-*-*-*-助動詞-タイ-終止形-一般,たい,タイ,助動詞,*,*,*,助動詞-タイ,終止形-一般
きょう-名詞-普通名詞-副詞可能-*-*-*,きょう,キョウ,名詞,普通名詞,副詞可能,*,*,*
いっしょ-名詞-普通名詞-サ変可能-*-*-*,いっしょ,イッショ,名詞,普通名詞,サ変可能,*,*,*
に-助詞-格助詞-*-*-*-*,に,ニ,助詞,格助詞,*,*,*,*
かいもの-名詞-普通名詞-サ変可能-*-*-*,かいもの,カイモノ,名詞,普通名詞,サ変可能,*,*,*
いく-動詞-非自立可能-*-*-五段-カ行-連用形-一般,いく,イキ,動詞,非自立可能,*,*,五段-カ行,連用形-一般
ます-助動詞-*-*-*-助動詞-マス-未然形-一般,ます,マセ,助動詞,*,*,*,助動詞-マス,未然形-一般
ぬ-助動詞-*-*-*-助動詞-ヌ-終止形-撥音便,ぬ,ン,助動詞,*,*,*,助動詞-ヌ,終止形-撥音便
か-助詞-終助詞-*-*-*-*,か,カ,助詞,終助詞,*,*,*,*
はい-感動詞-一般-*-*-*-*,はい,ハイ,感動詞,一般,*,*,*,*
いい-形容詞-非自立可能-*-*-形容詞-終止形-一般,いい,イイ,形容詞,非自立可能,*,*,形容詞,終止形-一般
よ-助詞-終助詞-*-*-*-*,よ,ヨ,助詞,終助詞,*,*,*,*
何-代名詞-*-*-*-*-*,何,ナン,代名詞,*,*,*,*,*
ます-助動詞-*-*-*-助動詞-マス-終止形-一般,ます,マス,助動詞,*,*,*,助動詞-マス,終止形-一般
いまだ-副詞-*-*-*-*-*,いまだ,イマダ,副詞,*,*,*,*,*
いまる-名詞-固有名詞-人名-名-*-*,いまる,イマル,名詞,固有名詞,人名,名,*,*
デパート-名詞-普通名詞-一般-*-*-*,デパート,デパート,名詞,普通名詞,一般,*,*,*
で-助詞-格助詞-*-*-*-*,で,デ,助詞,格助詞,*,*,*,*
セール-名詞-普通名詞-一般-*-*-*,セール,セール,名詞,普通名詞,一般,*,*,*
が-助詞-格助詞-*-*-*-*,が,ガ,助詞,格助詞,*,*,*,*
ある-動詞-非自立可能-*-*-五段-ラ行-連用形-一般,ある,アリ,動詞,非自立可能,*,*,五段-ラ行,連用形-一般
けいたい-名詞-普通名詞-サ変可能-*-*-*,けいたい,ケイタイ,名詞,普通名詞,サ変可能,*,*,*
オンライン-名詞-普通名詞-一般-*-*-*,オンライン,オンライン,名詞,普通名詞,一般,*,*,*
カタログ-名詞-普通名詞-一般-*-*-*,カタログ,カタログ,名詞,普通名詞,一般,*,*,*
みる-動詞-非自立可能-*-*-上一段-マ行-連用形-一般,みる,ミ,動詞,非自立可能,*,*,上一段-マ行,連用形-一般
て-助詞-接続助詞-*-*-*-*,て,テ,助詞,接続助詞,*,*,*,*
くださる-動詞-非自立可能-*-*-五段-ラ行-命令形,くださる,クダサイ,動詞,非自立可能,*,*,五段-ラ行,命令形
あ-感動詞-一般-*-*-*-*,あ,ア,感動詞,一般,*,*,*,*
すごい-形容詞-一般-*-*-形容詞-終止形-一般,すごい,スゴイ,形容詞,一般,*,*,形容詞,終止形-一般
!-補助記号-句点-*-*-*-*,!,キゴウ,補助記号,句点,*,*,*,*
ゆうめい-形状詞-一般-*-*-*-*,ゆうめい,ユウメイ,形状詞,一般,*,*,*,*
だ-助動詞-*-*-*-助動詞-ダ-連体形-一般,だ,ナ,助動詞,*,*,*,助動詞-ダ,連体形-一般
メーカー-名詞-普通名詞-一般-*-*-*,メーカー,メーカー,名詞,普通名詞,一般,*,*,*
スケートボード-名詞-普通名詞-一般-*-*-*,スケートボード,スケートボード,名詞,普通名詞,一般,*,*,*
五千八百-名詞-数詞-*-*-*-*,五千八百,ゴセンハチヒャク,名詞,数詞,*,*,*,*
円-名詞-普通名詞-助数詞可能-*-*-*,円,エン,名詞,普通名詞,助数詞可能,*,*,*
ぼく-代名詞-*-*-*-*-*,ぼく,ボク,代名詞,*,*,*,*,*
も-助詞-係助詞-*-*-*-*,も,モ,助詞,係助詞,*,*,*,*
へえ-感動詞-一般-*-*-*-*,へえ,ヘエ,感動詞,一般,*,*,*,*
ね-助詞-終助詞-*-*-*-*,ね,ネ,助詞,終助詞,*,*,*,*
わたし-代名詞-*-*-*-*-*,わたし,ワタシ,代名詞,*,*,*,*,*
おもしろい-形容詞-一般-*-*-形容詞-連体形-一般,おもしろい,オモシロイ,形容詞,一般,*,*,形容詞,連体形-一般
ゲームソフト-名詞-普通名詞-一般-*-*-*,ゲームソフト,ゲームソフト,名詞,普通名詞,一般,*,*,*
あまり-副詞-*-*-*-*-*,あまり,アマリ,副詞,*,*,*,*,*
たかい-形容詞-一般-*-*-形容詞-連用形-一般,たかい,タカク,形容詞,一般,*,*,形容詞,連用形-一般
ない-形容詞-非自立可能-*-*-形容詞-終止形-一般,ない,ナイ,形容詞,非自立可能,*,*,形容詞,終止形-一般
二千九百-名詞-数詞-*-*-*-*,二千九百,ニセンキュウヒャク,名詞,数詞,*,*,*,*
ダンス-名詞-普通名詞-サ変可能-*-*-*,ダンス,ダンス,名詞,普通名詞,サ変可能,*,*,*
くん-接尾辞-名詞的-一般-*-*-*,くん,クン,接尾辞,名詞的,一般,*,*,*
ええ-感動詞-一般-*-*-*-*,ええ,エエ,感動詞,一般,*,*,*,*
と-助詞-格助詞-*-*-*-*,と,ト,助詞,格助詞,*,*,*,*
いぬ-名詞-普通名詞-一般-*-*-*,いぬ,イヌ,名詞,普通名詞,一般,*,*,*
すき-形状詞-一般-*-*-*-*,すき,スキ,形状詞,一般,*,*,*,*
ぬいぐるみ-名詞-普通名詞-一般-*-*-*,ぬいぐるみ,ヌイグルミ,名詞,普通名詞,一般,*,*,*
千二百-名詞-数詞-*-*-*-*,千二百,センニヒャク,名詞,数詞,*,*,*,*
かわいい-形容詞-一般-*-*-形容詞-終止形-一般,かわいい,カワイイ,形容詞,一般,*,*,形容詞,終止形-一般
ほんとう-名詞-普通名詞-一般-*-*-*,ほんとう,ホントウ,名詞,普通名詞,一般,*,*,*
それ-代名詞-*-*-*-*-*,それ,ソレ,代名詞,*,*,*,*,*
から-助詞-格助詞-*-*-*-*,から,カラ,助詞,格助詞,*,*,*,*
五百-名詞-数詞-*-*-*-*,五百,ゴヒャク,名詞,数詞,*,*,*,*
ふでばこ-名詞-普通名詞-一般-*-*-*,ふでばこ,フデバコ,名詞,普通名詞,一般,*,*,*
三百八十-名詞-数詞-*-*-*-*,三百八十,サンヒャクハチジュウ,名詞,数詞,*,*,*,*
ノート-名詞-普通名詞-サ変可能-*-*-*,ノート,ノート,名詞,普通名詞,サ変可能,*,*,*
五十-名詞-数詞-*-*-*-*,五十,ゴジュウ,名詞,数詞,*,*,*,*
えんぴつ-名詞-普通名詞-一般-*-*-*,えんぴつ,エンピツ,名詞,普通名詞,一般,*,*,*
わあ-感動詞-一般-*-*-*-*,わあ,ワア,感動詞,一般,*,*,*,*
たくさん-副詞-*-*-*-*-*,たくさん,タクサン,副詞,*,*,*,*,*
じゃ-接続詞-*-*-*-*-*,じゃ,ジャ,接続詞,*,*,*,*,*
ショッピング-名詞-普通名詞-サ変可能-*-*-*,ショッピング,ショッピング,名詞,普通名詞,サ変可能,*,*,*
リスト-名詞-普通名詞-サ変可能-*-*-*,リスト,リスト,名詞,普通名詞,サ変可能,*,*,*
つくる-動詞-一般-*-*-五段-ラ行-連用形-一般,つくる,ツクリ,動詞,一般,*,*,五段-ラ行,連用形-一般
ます-助動詞-*-*-*-助動詞-マス-意志推量形,ます,マショウ,助動詞,*,*,*,助動詞-マス,意志推量形
ー-補助記号-一般-*-*-*-*,ー,ー,補助記号,一般,*,*,*,*
Read-名詞-固有名詞-人名-一般-*-*,Read,リード,名詞,固有名詞,人名,一般,*,*
THE-名詞-普通名詞-一般-*-*-*,THE,ザ,名詞,普通名詞,一般,*,*,*
following-名詞-普通名詞-一般-*-*-*,following,following,名詞,普通名詞,一般,*,*,*
conversation-名詞-普通名詞-一般-*-*-*,conversation,カンバセーション,名詞,普通名詞,一般,*,*,*
Between-名詞-普通名詞-一般-*-*-*,Between,ビトウィーン,名詞,普通名詞,一般,*,*,*
masaya-名詞-普通名詞-一般-*-*-*,masaya,masaya,名詞,普通名詞,一般,*,*,*
AND-名詞-普通名詞-一般-*-*-*,AND,アンド,名詞,普通名詞,一般,*,*,*
YOKO-名詞-固有名詞-人名-名-*-*,YOKO,ヨウコ,名詞,固有名詞,人名,名,*,*
create-名詞-普通名詞-サ変可能-*-*-*,create,クリエート,名詞,普通名詞,サ変可能,*,*,*
a-名詞-普通名詞-助数詞可能-*-*-*,a,アール,名詞,普通名詞,助数詞可能,*,*,*
shopping-名詞-普通名詞-一般-*-*-*,shopping,ショッピング,名詞,普通名詞,一般,*,*,*
list-名詞-普通名詞-一般-*-*-*,list,リスト,名詞,普通名詞,一般,*,*,*
of-名詞-普通名詞-一般-*-*-*,of,オブ,名詞,普通名詞,一般,*,*,*
items-名詞-普通名詞-一般-*-*-*,items,items,名詞,普通名詞,一般,*,*,*
prices-名詞-普通名詞-一般-*-*-*,prices,prices,名詞,普通名詞,一般,*,*,*
according-名詞-普通名詞-一般-*-*-*,according,according,名詞,普通名詞,一般,*,*,*
to-名詞-普通名詞-一般-*-*-*,to,ツー,名詞,普通名詞,一般,*,*,*
INFORMATION-名詞-普通名詞-一般-*-*-*,INFORMATION,インフォメーション,名詞,普通名詞,一般,*,*,*
.-補助記号-句点-*-*-*-*,.,．,補助記号,句点,*,*,*,*
秋-名詞-普通名詞-副詞可能-*-*-*,秋,アキ,名詞,普通名詞,副詞可能,*,*,*
九-名詞-数詞-*-*-*-*,九,キュウ,名詞,数詞,*,*,*,*
月-名詞-普通名詞-助数詞可能-*-*-*,月,ガツ,名詞,普通名詞,助数詞可能,*,*,*
十一-名詞-数詞-*-*-*-*,十一,ジュウイチ,名詞,数詞,*,*,*,*
まで-助詞-副助詞-*-*-*-*,まで,マデ,助詞,副助詞,*,*,*,*
夏-名詞-普通名詞-副詞可能-*-*-*,夏,ナツ,名詞,普通名詞,副詞可能,*,*,*
とても-副詞-*-*-*-*-*,とても,トテモ,副詞,*,*,*,*,*
あつい-形容詞-一般-*-*-形容詞-終止形-一般,あつい,アツイ,形容詞,一般,*,*,形容詞,終止形-一般
きらい-名詞-普通名詞-形状詞可能-*-*-*,きらい,キライ,名詞,普通名詞,形状詞可能,*,*,*
あつい-形容詞-一般-*-*-形容詞-連用形-一般,あつい,アツク,形容詞,一般,*,*,形容詞,連用形-一般
土曜日-名詞-普通名詞-副詞可能-*-*-*,土曜日,ドヨウビ,名詞,普通名詞,副詞可能,*,*,*
学校-名詞-普通名詞-一般-*-*-*,学校,ガッコウ,名詞,普通名詞,一般,*,*,*
ぶん-名詞-普通名詞-副詞可能-*-*-*,ぶん,ブン,名詞,普通名詞,副詞可能,*,*,*
か-助詞-副助詞-*-*-*-*,か,カ,助詞,副助詞,*,*,*,*
さい-名詞-普通名詞-副詞可能-*-*-*,さい,サイ,名詞,普通名詞,副詞可能,*,*,*
ともだち-名詞-普通名詞-一般-*-*-*,ともだち,トモダチ,名詞,普通名詞,一般,*,*,*
あそぶ-動詞-一般-*-*-五段-バ行-連用形-一般,あそぶ,アソビ,動詞,一般,*,*,五段-バ行,連用形-一般
コンサート-名詞-普通名詞-一般-*-*-*,コンサート,コンサート,名詞,普通名詞,一般,*,*,*
や-助詞-副助詞-*-*-*-*,や,ヤ,助詞,副助詞,*,*,*,*
ゲーム-名詞-普通名詞-一般-*-*-*,ゲーム,ゲーム,名詞,普通名詞,一般,*,*,*
おいしい-形容詞-一般-*-*-形容詞-連体形-一般,おいしい,オイシイ,形容詞,一般,*,*,形容詞,連体形-一般
たべもの-名詞-普通名詞-一般-*-*-*,たべもの,タベモノ,名詞,普通名詞,一般,*,*,*
この-連体詞-*-*-*-*-*,この,コノ,連体詞,*,*,*,*,*
だいすき-形状詞-一般-*-*-*-*,だいすき,ダイスキ,形状詞,一般,*,*,*,*
まつり-名詞-普通名詞-一般-*-*-*,まつり,マツリ,名詞,普通名詞,一般,*,*,*
お-接頭辞-*-*-*-*-*,お,オ,接頭辞,*,*,*,*,*
み-接尾辞-名詞的-一般-*-*-*,み,ミ,接尾辞,名詞的,一般,*,*,*
うち-名詞-普通名詞-副詞可能-*-*-*,うち,ウチ,名詞,普通名詞,副詞可能,*,*,*
パーティー-名詞-普通名詞-一般-*-*-*,パーティー,パーティー,名詞,普通名詞,一般,*,*,*
する-動詞-非自立可能-*-*-サ行変格-連用形-一般,する,シ,動詞,非自立可能,*,*,サ行変格,連用形-一般
みんな-名詞-普通名詞-副詞可能-*-*-*,みんな,ミンナ,名詞,普通名詞,副詞可能,*,*,*
きれい-形状詞-一般-*-*-*-*,きれい,キレイ,形状詞,一般,*,*,*,*
くる-動詞-非自立可能-*-*-カ行変格-連用形-一般,くる,キ,動詞,非自立可能,*,*,カ行変格,連用形-一般
やきいも-名詞-普通名詞-一般-*-*-*,やきいも,ヤキイモ,名詞,普通名詞,一般,*,*,*
たべる-動詞-一般-*-*-下一段-バ行-連用形-一般,たべる,タベ,動詞,一般,*,*,下一段-バ行,連用形-一般
おいしい-形容詞-一般-*-*-形容詞-終止形-一般,おいしい,オイシイ,形容詞,一般,*,*,形容詞,終止形-一般
そ-副詞-*-*-*-*-*,そ,ソ,副詞,*,*,*,*,*
ふ-名詞-普通名詞-一般-*-*-*,ふ,フ,名詞,普通名詞,一般,*,*,*
ときどき-名詞-普通名詞-副詞可能-*-*-*,ときどき,トキドキ,名詞,普通名詞,副詞可能,*,*,*
の-助詞-準体助詞-*-*-*-*,の,ノ,助詞,準体助詞,*,*,*,*
いく-動詞-非自立可能-*-*-五段-カ行-終止形-一般,いく,イク,動詞,非自立可能,*,*,五段-カ行,終止形-一般
むずかしい-形容詞-一般-*-*-形容詞-終止形-一般,むずかしい,ムズカシイ,形容詞,一般,*,*,形容詞,終止形-一般
おもしろい-形容詞-一般-*-*-形容詞-終止形-一般,おもしろい,オモシロイ,形容詞,一般,*,*,形容詞,終止形-一般
こ-接頭辞-*-*-*-*-*,こ,コ,接頭辞,*,*,*,*,*
年-名詞-普通名詞-副詞可能-*-*-*,年,トシ,名詞,普通名詞,副詞可能,*,*,*
しゅう-名詞-固有名詞-人名-名-*-*,しゅう,シュウ,名詞,固有名詞,人名,名,*,*
学-接尾辞-名詞的-一般-*-*-*,学,ガク,接尾辞,名詞的,一般,*,*,*
りょこう-名詞-普通名詞-サ変可能-*-*-*,りょこう,リョコウ,名詞,普通名詞,サ変可能,*,*,*
ます-助動詞-*-*-*-助動詞-マス-連用形-一般,ます,マシ,助動詞,*,*,*,助動詞-マス,連用形-一般
た-助動詞-*-*-*-助動詞-タ-終止形-一般,た,タ,助動詞,*,*,*,助動詞-タ,終止形-一般
ひろしま-名詞-固有名詞-地名-一般-*-*,ひろしま,ヒロシマ,名詞,固有名詞,地名,一般,*,*
へいわ-名詞-普通名詞-形状詞可能-*-*-*,へいわ,ヘイワ,名詞,普通名詞,形状詞可能,*,*,*
こうえん-名詞-普通名詞-一般-*-*-*,こうえん,コウエン,名詞,普通名詞,一般,*,*,*
ちょっと-副詞-*-*-*-*-*,ちょっと,チョット,副詞,*,*,*,*,*
こわい-形容詞-一般-*-*-形容詞-連用形-促音便,こわい,コワカッ,形容詞,一般,*,*,形容詞,連用形-促音便
たのしい-形容詞-一般-*-*-形容詞-連用形-促音便,たのしい,タノシカッ,形容詞,一般,*,*,形容詞,連用形-促音便
冬-名詞-普通名詞-副詞可能-*-*-*,冬,フユ,名詞,普通名詞,副詞可能,*,*,*
一ばん-副詞-*-*-*-*-*,一ばん,イチバン,副詞,*,*,*,*,*
きせつ-名詞-普通名詞-一般-*-*-*,きせつ,キセツ,名詞,普通名詞,一般,*,*,*
きょ年-名詞-普通名詞-副詞可能-*-*-*,きょ年,キョネン,名詞,普通名詞,副詞可能,*,*,*
ゆき-名詞-固有名詞-一般-*-*-*,ゆき,ユキ,名詞,固有名詞,一般,*,*,*
だるま-名詞-普通名詞-一般-*-*-*,だるま,ダルマ,名詞,普通名詞,一般,*,*,*
さむい-形容詞-一般-*-*-形容詞-連用形-促音便,さむい,サムカッ,形容詞,一般,*,*,形容詞,連用形-促音便
ジョギング-名詞-普通名詞-サ変可能-*-*-*,ジョギング,ジョギング,名詞,普通名詞,サ変可能,*,*,*
です-助動詞-*-*-*-助動詞-デス-連用形-一般,です,デシ,助動詞,*,*,*,助動詞-デス,連用形-一般
十二-名詞-数詞-*-*-*-*,十二,ジュウニ,名詞,数詞,*,*,*,*
さむい-形容詞-一般-*-*-形容詞-連体形-一般,さむい,サムイ,形容詞,一般,*,*,形容詞,連体形-一般
中-名詞-普通名詞-副詞可能-*-*-*,中,ナカ,名詞,普通名詞,副詞可能,*,*,*
年が-名詞-普通名詞-一般-*-*-*,年が,ネンガ,名詞,普通名詞,一般,*,*,*
じょう-接尾辞-名詞的-一般-*-*-*,じょう,ジョウ,接尾辞,名詞的,一般,*,*,*
かく-動詞-一般-*-*-五段-カ行-連用形-一般,かく,カキ,動詞,一般,*,*,五段-カ行,連用形-一般
三十一-名詞-数詞-*-*-*-*,三十一,サンジュウイチ,名詞,数詞,*,*,*,*
日-名詞-普通名詞-助数詞可能-*-*-*,日,ニチ,名詞,普通名詞,助数詞可能,*,*,*
ちち-副詞-*-*-*-*-*,ちち,チチ,副詞,*,*,*,*,*
もち-名詞-普通名詞-一般-*-*-*,もち,モチ,名詞,普通名詞,一般,*,*,*
一-名詞-数詞-*-*-*-*,一,イチ,名詞,数詞,*,*,*,*
一日-名詞-普通名詞-副詞可能-*-*-*,一日,ツイタチ,名詞,普通名詞,副詞可能,*,*,*
三-名詞-数詞-*-*-*-*,三,ミッ,名詞,数詞,*,*,*,*
日-接尾辞-名詞的-助数詞-*-*-*,日,カ,接尾辞,名詞的,助数詞,*,*,*
しょう-名詞-普通名詞-一般-*-*-*,しょう,ショウ,名詞,普通名詞,一般,*,*,*
だま-名詞-普通名詞-一般-*-*-*,だま,ダマ,名詞,普通名詞,一般,*,*,*
もらう-動詞-非自立可能-*-*-五段-ワア行-連用形-一般,もらう,モライ,動詞,非自立可能,*,*,五段-ワア行,連用形-一般
スキー-名詞-普通名詞-一般-*-*-*,スキー,スキー,名詞,普通名詞,一般,*,*,*
かぞく-名詞-普通名詞-一般-*-*-*,かぞく,カゾク,名詞,普通名詞,一般,*,*,*
てん-名詞-普通名詞-一般-*-*-*,てん,テン,名詞,普通名詞,一般,*,*,*
いる-動詞-非自立可能-*-*-上一段-ア行-連体形-撥音便,いる,イン,動詞,非自立可能,*,*,上一段-ア行,連体形-撥音便
いらっしゃる-動詞-非自立可能-*-*-五段-ラ行-連用形-イ音便,いらっしゃる,イラッシャイ,動詞,非自立可能,*,*,五段-ラ行,連用形-イ音便
ます-助動詞-*-*-*-助動詞-マス-命令形,ます,マセ,助動詞,*,*,*,助動詞-マス,命令形
きゃく-名詞-普通名詞-一般-*-*-*,きゃく,キャク,名詞,普通名詞,一般,*,*,*
あの-連体詞-*-*-*-*-*,あの,アノ,連体詞,*,*,*,*,*
すむ-動詞-一般-*-*-五段-マ行-連用形-一般,すむ,スミ,動詞,一般,*,*,五段-マ行,連用形-一般
さがす-動詞-一般-*-*-五段-サ行-連用形-一般,さがす,サガシ,動詞,一般,*,*,五段-サ行,連用形-一般
いる-動詞-非自立可能-*-*-上一段-ア行-連用形-一般,いる,イ,動詞,非自立可能,*,*,上一段-ア行,連用形-一般
スポーツ-名詞-普通名詞-サ変可能-*-*-*,スポーツ,スポーツ,名詞,普通名詞,サ変可能,*,*,*
うる-動詞-一般-*-*-五段-ラ行-連用形-一般,うる,ウリ,動詞,一般,*,*,五段-ラ行,連用形-一般
ば-助詞-接続助詞-*-*-*-*,ば,バ,助詞,接続助詞,*,*,*,*
どこ-代名詞-*-*-*-*-*,どこ,ドコ,代名詞,*,*,*,*,*
四-名詞-数詞-*-*-*-*,四,ヨン,名詞,数詞,*,*,*,*
かい-名詞-普通名詞-助数詞可能-*-*-*,かい,カイ,名詞,普通名詞,助数詞可能,*,*,*
ありがとう-感動詞-一般-*-*-*-*,ありがとう,アリガトウ,感動詞,一般,*,*,*,*
ござる-動詞-非自立可能-*-*-五段-ラ行-連用形-イ音便,ござる,ゴザイ,動詞,非自立可能,*,*,五段-ラ行,連用形-イ音便
スポーツウェア-名詞-普通名詞-一般-*-*-*,スポーツウェア,スポーツウェア,名詞,普通名詞,一般,*,*,*
エレベーター-名詞-普通名詞-一般-*-*-*,エレベーター,エレベーター,名詞,普通名詞,一般,*,*,*
となり-名詞-普通名詞-一般-*-*-*,となり,トナリ,名詞,普通名詞,一般,*,*,*
どんな-連体詞-*-*-*-*-*,どんな,ドンナ,連体詞,*,*,*,*,*
バスケットボール-名詞-普通名詞-一般-*-*-*,バスケットボール,バスケットボール,名詞,普通名詞,一般,*,*,*
ショーツ-名詞-普通名詞-一般-*-*-*,ショーツ,ショーツ,名詞,普通名詞,一般,*,*,*
これ-代名詞-*-*-*-*-*,これ,コレ,代名詞,*,*,*,*,*
どう-副詞-*-*-*-*-*,どう,ドウ,副詞,*,*,*,*,*
いくら-名詞-普通名詞-副詞可能-*-*-*,いくら,イクラ,名詞,普通名詞,副詞可能,*,*,*
三千九百-名詞-数詞-*-*-*-*,三千九百,サンセンキュウヒャク,名詞,数詞,*,*,*,*
え-感動詞-一般-*-*-*-*,え,エ,感動詞,一般,*,*,*,*
たかい-形容詞-一般-*-*-形容詞-終止形-一般,たかい,タカイ,形容詞,一般,*,*,形容詞,終止形-一般
ざんねん-形状詞-一般-*-*-*-*,ざんねん,ザンネン,形状詞,一般,*,*,*,*
ニ-助詞-格助詞-*-*-*-*,ニ,ニ,助詞,格助詞,*,*,*,*
千八百-名詞-数詞-*-*-*-*,千八百,センハチヒャク,名詞,数詞,*,*,*,*
m-名詞-普通名詞-助数詞可能-*-*-*,m,メートル,名詞,普通名詞,助数詞可能,*,*,*
サイズ-名詞-普通名詞-一般-*-*-*,サイズ,サイズ,名詞,普通名詞,一般,*,*,*
二千八百-名詞-数詞-*-*-*-*,二千八百,ニセンハチヒャク,名詞,数詞,*,*,*,*
どうぞ-副詞-*-*-*-*-*,どうぞ,ドウゾ,副詞,*,*,*,*,*
二百-名詞-数詞-*-*-*-*,二百,ニヒャク,名詞,数詞,*,*,*,*
おつり-名詞-普通名詞-一般-*-*-*,おつり,オツリ,名詞,普通名詞,一般,*,*,*
--補助記号-一般-*-*-*-*,-,-,補助記号,一般,*,*,*,*
why-名詞-普通名詞-一般-*-*-*,why,ホワイ,名詞,普通名詞,一般,*,*,*
DID-名詞-普通名詞-一般-*-*-*,DID,ディーアイディー,名詞,普通名詞,一般,*,*,*
customer-名詞-普通名詞-一般-*-*-*,customer,カスタマー,名詞,普通名詞,一般,*,*,*
HAVE-名詞-普通名詞-一般-*-*-*,HAVE,ハブ,名詞,普通名詞,一般,*,*,*
Go-名詞-普通名詞-一般-*-*-*,Go,ゴー,名詞,普通名詞,一般,*,*,*
fourth-名詞-普通名詞-一般-*-*-*,fourth,フォース,名詞,普通名詞,一般,*,*,*
floor-名詞-普通名詞-一般-*-*-*,floor,フロア,名詞,普通名詞,一般,*,*,*
?-補助記号-句点-*-*-*-*,?,キゴウ,補助記号,句点,*,*,*,*
what-名詞-普通名詞-一般-*-*-*,what,ホワット,名詞,普通名詞,一般,*,*,*
particular-名詞-普通名詞-一般-*-*-*,particular,particular,名詞,普通名詞,一般,*,*,*
item-名詞-普通名詞-一般-*-*-*,item,アイテム,名詞,普通名詞,一般,*,*,*
WAS-名詞-固有名詞-一般-*-*-*,WAS,was,名詞,固有名詞,一般,*,*,*
looking-名詞-普通名詞-一般-*-*-*,looking,looking,名詞,普通名詞,一般,*,*,*
for-名詞-普通名詞-一般-*-*-*,for,フォー,名詞,普通名詞,一般,*,*,*
didn-名詞-普通名詞-一般-*-*-*,didn,didn,名詞,普通名詞,一般,*,*,*
＇-補助記号-一般-*-*-*-*,＇,キゴウ,補助記号,一般,*,*,*,*
t-名詞-普通名詞-助数詞可能-*-*-*,t,トン,名詞,普通名詞,助数詞可能,*,*,*
LIKE-名詞-固有名詞-一般-*-*-*,LIKE,ライク,名詞,固有名詞,一般,*,*,*
First-名詞-普通名詞-一般-*-*-*,First,ファースト,名詞,普通名詞,一般,*,*,*
suggested-名詞-普通名詞-一般-*-*-*,suggested,suggested,名詞,普通名詞,一般,*,*,*
by-名詞-普通名詞-一般-*-*-*,by,バイ,名詞,普通名詞,一般,*,*,*
salesperson-名詞-普通名詞-一般-*-*-*,salesperson,salesperson,名詞,普通名詞,一般,*,*,*
how-名詞-普通名詞-一般-*-*-*,how,ハウ,名詞,普通名詞,一般,*,*,*
much-名詞-普通名詞-一般-*-*-*,much,マッチ,名詞,普通名詞,一般,*,*,*
decided-名詞-普通名詞-一般-*-*-*,decided,decided,名詞,普通名詞,一般,*,*,*
on-名詞-普通名詞-サ変可能-*-*-*,on,オン,名詞,普通名詞,サ変可能,*,*,*
",-補助記号-読点-*-*-*-*",",",",",補助記号,読点,*,*,*,*
CASH-名詞-普通名詞-一般-*-*-*,CASH,キャッシュ,名詞,普通名詞,一般,*,*,*
give-名詞-普通名詞-一般-*-*-*,give,ギブ,名詞,普通名詞,一般,*,*,*
月曜日-名詞-普通名詞-副詞可能-*-*-*,月曜日,ゲツヨウビ,名詞,普通名詞,副詞可能,*,*,*
はれ-名詞-普通名詞-一般-*-*-*,はれ,ハレ,名詞,普通名詞,一般,*,*,*
まつ-名詞-固有名詞-人名-名-*-*,まつ,マツ,名詞,固有名詞,人名,名,*,*
やま-名詞-普通名詞-一般-*-*-*,やま,ヤマ,名詞,普通名詞,一般,*,*,*
キャンプ-名詞-普通名詞-サ変可能-*-*-*,キャンプ,キャンプ,名詞,普通名詞,サ変可能,*,*,*
ごご-名詞-普通名詞-副詞可能-*-*-*,ごご,ゴゴ,名詞,普通名詞,副詞可能,*,*,*
あめ-名詞-普通名詞-一般-*-*-*,あめ,アメ,名詞,普通名詞,一般,*,*,*
ハイキング-名詞-普通名詞-サ変可能-*-*-*,ハイキング,ハイキング,名詞,普通名詞,サ変可能,*,*,*
できる-動詞-非自立可能-*-*-上一段-カ行-連用形-一般,できる,デキ,動詞,非自立可能,*,*,上一段-カ行,連用形-一般
テント-名詞-普通名詞-一般-*-*-*,テント,テント,名詞,普通名詞,一般,*,*,*
こわい-形容詞-一般-*-*-形容詞-連体形-一般,こわい,コワイ,形容詞,一般,*,*,形容詞,連体形-一般
はなし-名詞-普通名詞-サ変可能-*-*-*,はなし,ハナシ,名詞,普通名詞,サ変可能,*,*,*
きく-動詞-一般-*-*-五段-カ行-連用形-一般,きく,キキ,動詞,一般,*,*,五段-カ行,連用形-一般
日曜日-名詞-普通名詞-副詞可能-*-*-*,日曜日,ニチヨウビ,名詞,普通名詞,副詞可能,*,*,*
くもり-名詞-普通名詞-一般-*-*-*,くもり,クモリ,名詞,普通名詞,一般,*,*,*
かぜ-名詞-普通名詞-一般-*-*-*,かぜ,カゼ,名詞,普通名詞,一般,*,*,*
つよい-形容詞-一般-*-*-形容詞-連用形-促音便,つよい,ツヨカッ,形容詞,一般,*,*,形容詞,連用形-促音便
また-接続詞-*-*-*-*-*,また,マタ,接続詞,*,*,*,*,*
カラオケ-名詞-普通名詞-一般-*-*-*,カラオケ,カラオケ,名詞,普通名詞,一般,*,*,*
おとうさん-名詞-普通名詞-一般-*-*-*,おとうさん,オトウサン,名詞,普通名詞,一般,*,*,*
うた-名詞-普通名詞-一般-*-*-*,うた,ウタ,名詞,普通名詞,一般,*,*,*
へた-名詞-普通名詞-サ変形状詞可能-*-*-*,へた,ヘタ,名詞,普通名詞,サ変形状詞可能,*,*,*
へん-名詞-普通名詞-形状詞可能-*-*-*,へん,ヘン,名詞,普通名詞,形状詞可能,*,*,*
when-名詞-普通名詞-一般-*-*-*,when,when,名詞,普通名詞,一般,*,*,*
Account-名詞-普通名詞-一般-*-*-*,Account,アカウント,名詞,普通名詞,一般,*,*,*
written-名詞-普通名詞-一般-*-*-*,written,written,名詞,普通名詞,一般,*,*,*
weather-名詞-普通名詞-一般-*-*-*,weather,ウエザー,名詞,普通名詞,一般,*,*,*
that-名詞-普通名詞-一般-*-*-*,that,ザット,名詞,普通名詞,一般,*,*,*
Day-名詞-普通名詞-一般-*-*-*,Day,デー,名詞,普通名詞,一般,*,*,*
date-名詞-普通名詞-サ変可能-*-*-*,date,デート,名詞,普通名詞,サ変可能,*,*,*
week-名詞-普通名詞-一般-*-*-*,week,ウイーク,名詞,普通名詞,一般,*,*,*
b-名詞-普通名詞-一般-*-*-*,b,b,名詞,普通名詞,一般,*,*,*
daisuke-名詞-普通名詞-一般-*-*-*,daisuke,daisuke,名詞,普通名詞,一般,*,*,*
say-名詞-普通名詞-一般-*-*-*,say,セイ,名詞,普通名詞,一般,*,*,*
about-名詞-普通名詞-形状詞可能-*-*-*,about,アバウト,名詞,普通名詞,形状詞可能,*,*,*
each-名詞-普通名詞-一般-*-*-*,each,each,名詞,普通名詞,一般,*,*,*
Saturday-名詞-普通名詞-一般-*-*-*,Saturday,サタデー,名詞,普通名詞,一般,*,*,*
SUNDAY-名詞-普通名詞-一般-*-*-*,SUNDAY,サンデー,名詞,普通名詞,一般,*,*,*
c-名詞-普通名詞-一般-*-*-*,c,c,名詞,普通名詞,一般,*,*,*
do-名詞-普通名詞-一般-*-*-*,do,ドゥー,名詞,普通名詞,一般,*,*,*
nday-名詞-普通名詞-一般-*-*-*,nday,nday,名詞,普通名詞,一般,*,*,*
りょう-名詞-固有名詞-人名-名-*-*,りょう,リョウ,名詞,固有名詞,人名,名,*,*
た-助動詞-*-*-*-助動詞-ダ-終止形-一般,た,タ,助動詞,*,*,*,助動詞-ダ,終止形-一般
もしもし-感動詞-一般-*-*-*-*,もしもし,モシモシ,感動詞,一般,*,*,*,*
まり-名詞-固有名詞-人名-名-*-*,まり,マリ,名詞,固有名詞,人名,名,*,*
ほく-副詞-*-*-*-*-*,ほく,ホク,副詞,*,*,*,*,*
あたらしい-形容詞-一般-*-*-形容詞-終止形-一般,あたらしい,アタラシイ,形容詞,一般,*,*,形容詞,終止形-一般
ボート-名詞-普通名詞-一般-*-*-*,ボート,ボート,名詞,普通名詞,一般,*,*,*
うみ-名詞-普通名詞-一般-*-*-*,うみ,ウミ,名詞,普通名詞,一般,*,*,*
えっ-感動詞-一般-*-*-*-*,えっ,エッ,感動詞,一般,*,*,*,*
…-補助記号-一般-*-*-*-*,…,キゴウ,補助記号,一般,*,*,*,*
2-名詞-数詞-*-*-*-*,2,ニ,名詞,数詞,*,*,*,*
24-名詞-数詞-*-*-*-*,24,ニヨン,名詞,数詞,*,*,*,*
金曜日-名詞-普通名詞-副詞可能-*-*-*,金曜日,キンヨウビ,名詞,普通名詞,副詞可能,*,*,*
てんき-名詞-普通名詞-一般-*-*-*,てんき,テンキ,名詞,普通名詞,一般,*,*,*
よほう-名詞-普通名詞-サ変可能-*-*-*,よほう,ヨホウ,名詞,普通名詞,サ変可能,*,*,*
さっぽろ-名詞-固有名詞-地名-一般-*-*,さっぽろ,サッポロ,名詞,固有名詞,地名,一般,*,*
のち-名詞-普通名詞-副詞可能-*-*-*,のち,ノチ,名詞,普通名詞,副詞可能,*,*,*
ゆき-名詞-普通名詞-一般-*-*-*,ゆき,ユキ,名詞,普通名詞,一般,*,*,*
です-助動詞-*-*-*-助動詞-デス-意志推量形,です,デショウ,助動詞,*,*,*,助動詞-デス,意志推量形
あした-名詞-普通名詞-副詞可能-*-*-*,あした,アシタ,名詞,普通名詞,副詞可能,*,*,*
26-名詞-数詞-*-*-*-*,26,ニムイ,名詞,数詞,*,*,*,*
にいがた-名詞-固有名詞-地名-一般-*-*,にいがた,ニイガタ,名詞,固有名詞,地名,一般,*,*
おおさか-名詞-固有名詞-地名-一般-*-*,おおさか,オオサカ,名詞,固有名詞,地名,一般,*,*
はれる-動詞-一般-*-*-下一段-ラ行-連用形-一般,はれる,ハレ,動詞,一般,*,*,下一段-ラ行,連用形-一般
せんだい-名詞-固有名詞-地名-一般-*-*,せんだい,センダイ,名詞,固有名詞,地名,一般,*,*
とうきょう-名詞-固有名詞-地名-一般-*-*,とうきょう,トウキョウ,名詞,固有名詞,地名,一般,*,*
なごや-名詞-固有名詞-地名-一般-*-*,なごや,ナゴヤ,名詞,固有名詞,地名,一般,*,*
はる-助動詞-*-*-*-五段-ラ行-命令形,はる,ハレ,助動詞,*,*,*,五段-ラ行,命令形
ジェニー-名詞-固有名詞-人名-一般-*-*,ジェニー,ジェニー,名詞,固有名詞,人名,一般,*,*
へ-助詞-格助詞-*-*-*-*,へ,ヘ,助詞,格助詞,*,*,*,*
げんき-名詞-普通名詞-形状詞可能-*-*-*,げんき,ゲンキ,名詞,普通名詞,形状詞可能,*,*,*
日本-名詞-固有名詞-地名-国-*-*,日本,ニッポン,名詞,固有名詞,地名,国,*,*
いま-名詞-普通名詞-副詞可能-*-*-*,いま,イマ,名詞,普通名詞,副詞可能,*,*,*
まい日-名詞-普通名詞-副詞可能-*-*-*,まい日,マイニチ,名詞,普通名詞,副詞可能,*,*,*
プール-名詞-普通名詞-サ変可能-*-*-*,プール,プール,名詞,普通名詞,サ変可能,*,*,*
およぐ-動詞-一般-*-*-五段-ガ行-連用形-イ音便,およぐ,オヨイ,動詞,一般,*,*,五段-ガ行,連用形-イ音便
で-助詞-接続助詞-*-*-*-*,で,デ,助詞,接続助詞,*,*,*,*
いい-形容詞-非自立可能-*-*-形容詞-連体形-一般,いい,イイ,形容詞,非自立可能,*,*,形容詞,連体形-一般
さいこう-名詞-普通名詞-形状詞可能-*-*-*,さいこう,サイコウ,名詞,普通名詞,形状詞可能,*,*,*
きん-名詞-普通名詞-一般-*-*-*,きん,キン,名詞,普通名詞,一般,*,*,*
三十-名詞-数詞-*-*-*-*,三十,サンジュウ,名詞,数詞,*,*,*,*
と-感動詞-フィラー-*-*-*-*,と,ト,感動詞,フィラー,*,*,*,*
オーストラリア-名詞-固有名詞-地名-国-*-*,オーストラリア,オーストラリア,名詞,固有名詞,地名,国,*,*
七-名詞-数詞-*-*-*-*,七,ナナ,名詞,数詞,*,*,*,*
十六-名詞-数詞-*-*-*-*,十六,ジュウロク,名詞,数詞,*,*,*,*
八-名詞-数詞-*-*-*-*,八,ハチ,名詞,数詞,*,*,*,*
夏休み-名詞-普通名詞-一般-*-*-*,夏休み,ナツヤスミ,名詞,普通名詞,一般,*,*,*
休み-名詞-普通名詞-一般-*-*-*,休み,ヤスミ,名詞,普通名詞,一般,*,*,*
アメリカ-名詞-固有名詞-地名-国-*-*,アメリカ,アメリカ,名詞,固有名詞,地名,国,*,*
ディズニーランド-名詞-固有名詞-一般-*-*-*,ディズニーランド,ディズニーランド,名詞,固有名詞,一般,*,*,*
おとうと-名詞-普通名詞-一般-*-*-*,おとうと,オトウト,名詞,普通名詞,一般,*,*,*
ハリウッド-名詞-固有名詞-地名-一般-*-*,ハリウッド,ハリウッド,名詞,固有名詞,地名,一般,*,*
ははは-感動詞-一般-*-*-*-*,ははは,ハハハ,感動詞,一般,*,*,*,*
ラスベガス-名詞-固有名詞-地名-一般-*-*,ラスベガス,ラスベガス,名詞,固有名詞,地名,一般,*,*
いそがしい-形容詞-一般-*-*-形容詞-終止形-一般,いそがしい,イソガシイ,形容詞,一般,*,*,形容詞,終止形-一般
らい-名詞-普通名詞-一般-*-*-*,らい,ライ,名詞,普通名詞,一般,*,*,*
年-名詞-普通名詞-助数詞可能-*-*-*,年,ネン,名詞,普通名詞,助数詞可能,*,*,*
じゃあ-接続詞-*-*-*-*-*,じゃあ,ジャア,接続詞,*,*,*,*,*
また-副詞-*-*-*-*-*,また,マタ,副詞,*,*,*,*,*
てがみ-名詞-普通名詞-一般-*-*-*,てがみ,テガミ,名詞,普通名詞,一般,*,*,*
さようなら-感動詞-一般-*-*-*-*,さようなら,サヨウナラ,感動詞,一般,*,*,*,*
二-名詞-数詞-*-*-*-*,二,フタ,名詞,数詞,*,*,*,*
いしだ-名詞-固有名詞-人名-姓-*-*,いしだ,イシダ,名詞,固有名詞,人名,姓,*,*
より-助詞-格助詞-*-*-*-*,より,ヨリ,助詞,格助詞,*,*,*,*
divide-名詞-普通名詞-一般-*-*-*,divide,ディバイド,名詞,普通名詞,一般,*,*,*
Letter-名詞-普通名詞-一般-*-*-*,Letter,レター,名詞,普通名詞,一般,*,*,*
into-名詞-普通名詞-一般-*-*-*,into,into,名詞,普通名詞,一般,*,*,*
SIX-名詞-固有名詞-一般-*-*-*,SIX,シックス,名詞,固有名詞,一般,*,*,*
sections-名詞-普通名詞-一般-*-*-*,sections,sections,名詞,普通名詞,一般,*,*,*
addressee-名詞-普通名詞-一般-*-*-*,addressee,addressee,名詞,普通名詞,一般,*,*,*
opening-名詞-普通名詞-一般-*-*-*,opening,オープニング,名詞,普通名詞,一般,*,*,*
MAIN-名詞-普通名詞-一般-*-*-*,MAIN,メイン,名詞,普通名詞,一般,*,*,*
passages-名詞-普通名詞-一般-*-*-*,passages,passages,名詞,普通名詞,一般,*,*,*
ending-名詞-普通名詞-一般-*-*-*,ending,エンディング,名詞,普通名詞,一般,*,*,*
sender-名詞-普通名詞-一般-*-*-*,sender,sender,名詞,普通名詞,一般,*,*,*
Who-名詞-普通名詞-一般-*-*-*,Who,フー,名詞,普通名詞,一般,*,*,*
is-名詞-普通名詞-一般-*-*-*,is,イズ,名詞,普通名詞,一般,*,*,*
From-名詞-普通名詞-一般-*-*-*,From,フロム,名詞,普通名詞,一般,*,*,*
It-名詞-普通名詞-一般-*-*-*,It,イット,名詞,普通名詞,一般,*,*,*
Writer-名詞-普通名詞-一般-*-*-*,Writer,ライター,名詞,普通名詞,一般,*,*,*
In-名詞-普通名詞-一般-*-*-*,In,イン,名詞,普通名詞,一般,*,*,*
JAPAN-名詞-固有名詞-地名-国-*-*,JAPAN,ジャパン,名詞,固有名詞,地名,国,*,*
えり-名詞-普通名詞-一般-*-*-*,えり,エリ,名詞,普通名詞,一般,*,*,*
中学-名詞-普通名詞-一般-*-*-*,中学,チュウガク,名詞,普通名詞,一般,*,*,*
年生-接尾辞-名詞的-助数詞-*-*-*,年生,ネンセイ,接尾辞,名詞的,助数詞,*,*,*
せん-名詞-普通名詞-一般-*-*-*,せん,セン,名詞,普通名詞,一般,*,*,*
生-接尾辞-名詞的-一般-*-*-*,生,セイ,接尾辞,名詞的,一般,*,*,*
きびしい-形容詞-一般-*-*-形容詞-連用形-一般,きびしい,キビシク,形容詞,一般,*,*,形容詞,連用形-一般
えいご-名詞-普通名詞-一般-*-*-*,えいご,エイゴ,名詞,普通名詞,一般,*,*,*
やすい-接尾辞-形容詞的-*-*-形容詞-連用形-ウ音便,やすい,ヤスウ,接尾辞,形容詞的,*,*,形容詞,連用形-ウ音便
びじゅつ-名詞-普通名詞-一般-*-*-*,びじゅつ,ビジュツ,名詞,普通名詞,一般,*,*,*
れきし-名詞-普通名詞-一般-*-*-*,れきし,レキシ,名詞,普通名詞,一般,*,*,*
など-助詞-副助詞-*-*-*-*,など,ナド,助詞,副助詞,*,*,*,*
べんきょう-名詞-普通名詞-サ変可能-*-*-*,べんきょう,ベンキョウ,名詞,普通名詞,サ変可能,*,*,*
すう-副詞-*-*-*-*-*,すう,スウ,副詞,*,*,*,*,*
学-名詞-普通名詞-一般-*-*-*,学,ガク,名詞,普通名詞,一般,*,*,*
とくい-名詞-普通名詞-形状詞可能-*-*-*,とくい,トクイ,名詞,普通名詞,形状詞可能,*,*,*
だ-助動詞-*-*-*-助動詞-ダ-連用形-融合,だ,ジャ,助動詞,*,*,*,助動詞-ダ,連用形-融合
へや-名詞-普通名詞-一般-*-*-*,へや,ヘヤ,名詞,普通名詞,一般,*,*,*
コンビューター-名詞-普通名詞-一般-*-*-*,コンビューター,コンビューター,名詞,普通名詞,一般,*,*,*
でんき-名詞-普通名詞-一般-*-*-*,でんき,デンキ,名詞,普通名詞,一般,*,*,*
スタンド-名詞-普通名詞-一般-*-*-*,スタンド,スタンド,名詞,普通名詞,一般,*,*,*
本だな-名詞-普通名詞-一般-*-*-*,本だな,ホンダナ,名詞,普通名詞,一般,*,*,*
ベッド-名詞-普通名詞-一般-*-*-*,ベッド,ベッド,名詞,普通名詞,一般,*,*,*
つくえ-名詞-普通名詞-一般-*-*-*,つくえ,ツクエ,名詞,普通名詞,一般,*,*,*
コンピューター-名詞-普通名詞-一般-*-*-*,コンピューター,コンピューター,名詞,普通名詞,一般,*,*,*
上-名詞-普通名詞-副詞可能-*-*-*,上,ウエ,名詞,普通名詞,副詞可能,*,*,*
うしろ-名詞-普通名詞-一般-*-*-*,うしろ,ウシロ,名詞,普通名詞,一般,*,*,*
ま-感動詞-フィラー-*-*-*-*,ま,マ,感動詞,フィラー,*,*,*,*
どの-連体詞-*-*-*-*-*,どの,ドノ,連体詞,*,*,*,*,*
よこ-名詞-普通名詞-一般-*-*-*,よこ,ヨコ,名詞,普通名詞,一般,*,*,*
そと-名詞-普通名詞-一般-*-*-*,そと,ソト,名詞,普通名詞,一般,*,*,*
ねこ-名詞-普通名詞-一般-*-*-*,ねこ,ネコ,名詞,普通名詞,一般,*,*,*
くま-名詞-普通名詞-一般-*-*-*,くま,クマ,名詞,普通名詞,一般,*,*,*
下-名詞-普通名詞-一般-*-*-*,下,シタ,名詞,普通名詞,一般,*,*,*
ごみばこ-名詞-普通名詞-一般-*-*-*,ごみばこ,ゴミバコ,名詞,普通名詞,一般,*,*,*
前-名詞-普通名詞-副詞可能-*-*-*,前,マエ,名詞,普通名詞,副詞可能,*,*,*
Passage-名詞-普通名詞-一般-*-*-*,Passage,パッセージ,名詞,普通名詞,一般,*,*,*
describe-名詞-普通名詞-一般-*-*-*,describe,describe,名詞,普通名詞,一般,*,*,*
ROOM-名詞-普通名詞-一般-*-*-*,ROOM,ルーム,名詞,普通名詞,一般,*,*,*
English-名詞-普通名詞-一般-*-*-*,English,イングリッシュ,名詞,普通名詞,一般,*,*,*
ひさこ-名詞-固有名詞-人名-名-*-*,ひさこ,ヒサコ,名詞,固有名詞,人名,名,*,*
さむい-形容詞-一般-*-*-形容詞-終止形-一般,さむい,サムイ,形容詞,一般,*,*,形容詞,終止形-一般
うま-名詞-普通名詞-一般-*-*-*,うま,ウマ,名詞,普通名詞,一般,*,*,*
うし-名詞-普通名詞-一般-*-*-*,うし,ウシ,名詞,普通名詞,一般,*,*,*
がっこう-名詞-普通名詞-一般-*-*-*,がっこう,ガッコウ,名詞,普通名詞,一般,*,*,*
あるく-動詞-一般-*-*-五段-カ行-連用形-イ音便,あるく,アルイ,動詞,一般,*,*,五段-カ行,連用形-イ音便
べんり-名詞-普通名詞-形状詞可能-*-*-*,べんり,ベンリ,名詞,普通名詞,形状詞可能,*,*,*
ところ-名詞-普通名詞-副詞可能-*-*-*,ところ,トコロ,名詞,普通名詞,副詞可能,*,*,*
にわ-名詞-普通名詞-一般-*-*-*,にわ,ニワ,名詞,普通名詞,一般,*,*,*
おおきい-形容詞-一般-*-*-形容詞-終止形-一般,おおきい,オオキイ,形容詞,一般,*,*,形容詞,終止形-一般
アマンダ-名詞-固有名詞-人名-一般-*-*,アマンダ,アマンダ,名詞,固有名詞,人名,一般,*,*
ニュージーランド-名詞-固有名詞-地名-国-*-*,ニュージーランド,ニュージーランド,名詞,固有名詞,地名,国,*,*
人-接尾辞-名詞的-一般-*-*-*,人,ニン,接尾辞,名詞的,一般,*,*,*
オークランド-名詞-固有名詞-地名-一般-*-*,オークランド,オークランド,名詞,固有名詞,地名,一般,*,*
さらい-名詞-普通名詞-一般-*-*-*,さらい,サライ,名詞,普通名詞,一般,*,*,*
ペン-名詞-普通名詞-一般-*-*-*,ペン,ペン,名詞,普通名詞,一般,*,*,*
だけ-助詞-副助詞-*-*-*-*,だけ,ダケ,助詞,副助詞,*,*,*,*
まさゆき-名詞-固有名詞-人名-名-*-*,まさゆき,マサユキ,名詞,固有名詞,人名,名,*,*
ぽい-接尾辞-形容詞的-*-*-形容詞-連用形-一般,ぽい,ポク,接尾辞,形容詞的,*,*,形容詞,連用形-一般
東京-名詞-固有名詞-地名-一般-*-*,東京,トウキョウ,名詞,固有名詞,地名,一般,*,*
アパート-名詞-普通名詞-一般-*-*-*,アパート,アパート,名詞,普通名詞,一般,*,*,*
バルコニー-名詞-普通名詞-一般-*-*-*,バルコニー,バルコニー,名詞,普通名詞,一般,*,*,*
ジム-名詞-普通名詞-一般-*-*-*,ジム,ジム,名詞,普通名詞,一般,*,*,*
すてき-形状詞-一般-*-*-*-*,すてき,ステキ,形状詞,一般,*,*,*,*
きっす-動詞-一般-*-*-五段-サ行-未然形-一般,きっす,キッサ,動詞,一般,*,*,五段-サ行,未然形-一般
てる-助動詞-*-*-*-下一段-タ行-連体形-撥音便,てる,テン,助動詞,*,*,*,下一段-タ行,連体形-撥音便
みせ-名詞-普通名詞-一般-*-*-*,みせ,ミセ,名詞,普通名詞,一般,*,*,*
ちか-副詞-*-*-*-*-*,ちか,チカ,副詞,*,*,*,*,*
てつ-名詞-普通名詞-一般-*-*-*,てつ,テツ,名詞,普通名詞,一般,*,*,*
えき-名詞-普通名詞-一般-*-*-*,えき,エキ,名詞,普通名詞,一般,*,*,*
十分-形状詞-一般-*-*-*-*,十分,ジュウブン,形状詞,一般,*,*,*,*
ほる-動詞-一般-*-*-五段-ラ行-連用形-促音便,ほる,ホッ,動詞,一般,*,*,五段-ラ行,連用形-促音便
ど-助詞-接続助詞-*-*-*-*,ど,ド,助詞,接続助詞,*,*,*,*
まち-名詞-普通名詞-一般-*-*-*,まち,マチ,名詞,普通名詞,一般,*,*,*
ダン-名詞-固有名詞-人名-一般-*-*,ダン,ダン,名詞,固有名詞,人名,一般,*,*
ホバート-名詞-固有名詞-地名-一般-*-*,ホバート,ホバート,名詞,固有名詞,地名,一般,*,*
ホバート-名詞-固有名詞-人名-一般-*-*,ホバート,ホバート,名詞,固有名詞,人名,一般,*,*
タスマニア-名詞-固有名詞-地名-一般-*-*,タスマニア,タスマニア,名詞,固有名詞,地名,一般,*,*
ふるい-形容詞-一般-*-*-形容詞-連体形-一般,ふるい,フルイ,形容詞,一般,*,*,形容詞,連体形-一般
そして-接続詞-*-*-*-*-*,そして,ソシテ,接続詞,*,*,*,*,*
テニスコート-名詞-普通名詞-一般-*-*-*,テニスコート,テニスコート,名詞,普通名詞,一般,*,*,*
とも-名詞-普通名詞-一般-*-*-*,とも,トモ,名詞,普通名詞,一般,*,*,*
こう-副詞-*-*-*-*-*,こう,コウ,副詞,*,*,*,*,*
校-接尾辞-名詞的-一般-*-*-*,校,コウ,接尾辞,名詞的,一般,*,*,*
で-接続詞-*-*-*-*-*,で,デ,接続詞,*,*,*,*,*
んと-感動詞-フィラー-*-*-*-*,んと,ント,感動詞,フィラー,*,*,*,*
う-感動詞-フィラー-*-*-*-*,う,ウ,感動詞,フィラー,*,*,*,*
てき-接尾辞-形状詞的-*-*-*-*,てき,テキ,接尾辞,形状詞的,*,*,*,*
たいいく-名詞-普通名詞-一般-*-*-*,たいいく,タイイク,名詞,普通名詞,一般,*,*,*
ぎじゅつ-名詞-普通名詞-一般-*-*-*,ぎじゅつ,ギジュツ,名詞,普通名詞,一般,*,*,*
きびしい-形容詞-一般-*-*-形容詞-終止形-一般,きびしい,キビシイ,形容詞,一般,*,*,形容詞,終止形-一般
あさ-名詞-普通名詞-副詞可能-*-*-*,あさ,アサ,名詞,普通名詞,副詞可能,*,*,*
時半-接尾辞-名詞的-助数詞-*-*-*,時半,ジハン,接尾辞,名詞的,助数詞,*,*,*
あう-動詞-一般-*-*-五段-ワア行-連用形-一般,あう,アイ,動詞,一般,*,*,五段-ワア行,連用形-一般
じてん-名詞-普通名詞-サ変可能-*-*-*,じてん,ジテン,名詞,普通名詞,サ変可能,*,*,*
しゃ-接尾辞-名詞的-一般-*-*-*,しゃ,シャ,接尾辞,名詞的,一般,*,*,*
のる-動詞-一般-*-*-五段-ラ行-連用形-一般,のる,ノリ,動詞,一般,*,*,五段-ラ行,連用形-一般
ひる-名詞-普通名詞-一般-*-*-*,ひる,ヒル,名詞,普通名詞,一般,*,*,*
ごはん-名詞-普通名詞-一般-*-*-*,ごはん,ゴハン,名詞,普通名詞,一般,*,*,*
あと-名詞-普通名詞-副詞可能-*-*-*,あと,アト,名詞,普通名詞,副詞可能,*,*,*
テレビ-名詞-普通名詞-一般-*-*-*,テレビ,テレビ,名詞,普通名詞,一般,*,*,*
こんばん-名詞-普通名詞-副詞可能-*-*-*,こんばん,コンバン,名詞,普通名詞,副詞可能,*,*,*
でんわ-名詞-普通名詞-サ変可能-*-*-*,でんわ,デンワ,名詞,普通名詞,サ変可能,*,*,*
でかける-動詞-一般-*-*-下一段-カ行-連用形-一般,でかける,デカケ,動詞,一般,*,*,下一段-カ行,連用形-一般
時-名詞-普通名詞-助数詞可能-*-*-*,時,ジ,名詞,普通名詞,助数詞可能,*,*,*
えいが-名詞-普通名詞-一般-*-*-*,えいが,エイガ,名詞,普通名詞,一般,*,*,*
answer-名詞-普通名詞-一般-*-*-*,answer,アンサー,名詞,普通名詞,一般,*,*,*
Questions-名詞-普通名詞-一般-*-*-*,Questions,クエスチョンズ,名詞,普通名詞,一般,*,*,*
which-名詞-普通名詞-一般-*-*-*,which,which,名詞,普通名詞,一般,*,*,*
days-名詞-普通名詞-一般-*-*-*,days,デイズ,名詞,普通名詞,一般,*,*,*
HE-名詞-普通名詞-一般-*-*-*,HE,エイチイー,名詞,普通名詞,一般,*,*,*
talking-名詞-普通名詞-一般-*-*-*,talking,トーキング,名詞,普通名詞,一般,*,*,*
were-名詞-普通名詞-一般-*-*-*,were,ワー,名詞,普通名詞,一般,*,*,*
HIS-名詞-固有名詞-一般-*-*-*,HIS,エイチアイエス,名詞,固有名詞,一般,*,*,*
plans-名詞-普通名詞-一般-*-*-*,plans,plans,名詞,普通名詞,一般,*,*,*
HAPPY-形状詞-一般-*-*-*-*,HAPPY,ハッピー,形状詞,一般,*,*,*,*
d-名詞-普通名詞-一般-*-*-*,d,d,名詞,普通名詞,一般,*,*,*
ARE-名詞-普通名詞-一般-*-*-*,ARE,アー,名詞,普通名詞,一般,*,*,*
SECOND-名詞-普通名詞-一般-*-*-*,SECOND,セカンド,名詞,普通名詞,一般,*,*,*
ひこう-名詞-普通名詞-サ変可能-*-*-*,ひこう,ヒコウ,名詞,普通名詞,サ変可能,*,*,*
きの-名詞-固有名詞-一般-*-*-*,きの,キノ,名詞,固有名詞,一般,*,*,*
パイロット-名詞-普通名詞-一般-*-*-*,パイロット,パイロット,名詞,普通名詞,一般,*,*,*
スミス-名詞-固有名詞-人名-一般-*-*,スミス,スミス,名詞,固有名詞,人名,一般,*,*
せんしゅう-名詞-普通名詞-副詞可能-*-*-*,せんしゅう,センシュウ,名詞,普通名詞,副詞可能,*,*,*
木曜日-名詞-普通名詞-副詞可能-*-*-*,木曜日,モクヨウビ,名詞,普通名詞,副詞可能,*,*,*
たんじょう-名詞-普通名詞-サ変可能-*-*-*,たんじょう,タンジョウ,名詞,普通名詞,サ変可能,*,*,*
び-名詞-普通名詞-副詞可能-*-*-*,び,ビ,名詞,普通名詞,副詞可能,*,*,*
ざっし-名詞-普通名詞-一般-*-*-*,ざっし,ザッシ,名詞,普通名詞,一般,*,*,*
くれる-動詞-非自立可能-*-*-下一段-ラ行-連用形-一般,くれる,クレ,動詞,非自立可能,*,*,下一段-ラ行,連用形-一般
しゃしん-名詞-普通名詞-一般-*-*-*,しゃしん,シャシン,名詞,普通名詞,一般,*,*,*
わし-代名詞-*-*-*-*-*,わし,ワシ,代名詞,*,*,*,*,*
つ-助詞-副助詞-*-*-*-*,つ,ツ,助詞,副助詞,*,*,*,*
たたみ-名詞-普通名詞-一般-*-*-*,たたみ,タタミ,名詞,普通名詞,一般,*,*,*
ざ-名詞-普通名詞-一般-*-*-*,ざ,ザ,名詞,普通名詞,一般,*,*,*
ぶとん-名詞-普通名詞-一般-*-*-*,ぶとん,ブトン,名詞,普通名詞,一般,*,*,*
しょうじ-名詞-普通名詞-一般-*-*-*,しょうじ,ショウジ,名詞,普通名詞,一般,*,*,*
しいれる-動詞-一般-*-*-下一段-ラ行-連用形-一般,しいれる,シイレ,動詞,一般,*,*,下一段-ラ行,連用形-一般
かみ-名詞-固有名詞-一般-*-*-*,かみ,カミ,名詞,固有名詞,一般,*,*,*
ドア-名詞-普通名詞-一般-*-*-*,ドア,ドア,名詞,普通名詞,一般,*,*,*
おしいる-動詞-一般-*-*-五段-ラ行-命令形,おしいる,オシイレ,動詞,一般,*,*,五段-ラ行,命令形
ふとん-名詞-普通名詞-一般-*-*-*,ふとん,フトン,名詞,普通名詞,一般,*,*,*
ま-名詞-普通名詞-助数詞可能-*-*-*,ま,マ,名詞,普通名詞,助数詞可能,*,*,*
おしいれる-動詞-一般-*-*-下一段-ラ行-連用形-一般,おしいれる,オシイレ,動詞,一般,*,*,下一段-ラ行,連用形-一般
とこ-名詞-普通名詞-一般-*-*-*,とこ,トコ,名詞,普通名詞,一般,*,*,*
はな-名詞-普通名詞-一般-*-*-*,はな,ハナ,名詞,普通名詞,一般,*,*,*
いけばな-名詞-普通名詞-一般-*-*-*,いけばな,イケバナ,名詞,普通名詞,一般,*,*,*
こたつ-名詞-普通名詞-一般-*-*-*,こたつ,コタツ,名詞,普通名詞,一般,*,*,*
とくべつ-形状詞-一般-*-*-*-*,とくべつ,トクベツ,形状詞,一般,*,*,*,*
テーブル-名詞-普通名詞-一般-*-*-*,テーブル,テーブル,名詞,普通名詞,一般,*,*,*
ちいさい-形容詞-一般-*-*-形容詞-連体形-一般,ちいさい,チイサイ,形容詞,一般,*,*,形容詞,連体形-一般
ヒーター-名詞-普通名詞-一般-*-*-*,ヒーター,ヒーター,名詞,普通名詞,一般,*,*,*
いけ-名詞-普通名詞-一般-*-*-*,いけ,イケ,名詞,普通名詞,一般,*,*,*
さかな-名詞-普通名詞-一般-*-*-*,さかな,サカナ,名詞,普通名詞,一般,*,*,*
よう-名詞-固有名詞-人名-一般-*-*,よう,ヨウ,名詞,固有名詞,人名,一般,*,*
しつ-接尾辞-名詞的-一般-*-*-*,しつ,シツ,接尾辞,名詞的,一般,*,*,*
いす-名詞-普通名詞-一般-*-*-*,いす,イス,名詞,普通名詞,一般,*,*,*
ケン-名詞-固有名詞-人名-一般-*-*,ケン,ケン,名詞,固有名詞,人名,一般,*,*
えみこ-名詞-固有名詞-人名-名-*-*,えみこ,エミコ,名詞,固有名詞,人名,名,*,*
そう-副詞-*-*-*-*-*,そう,ソウ,副詞,*,*,*,*,*
何時-代名詞-*-*-*-*-*,何時,イツ,代名詞,*,*,*,*,*
ピザハウス-名詞-普通名詞-一般-*-*-*,ピザハウス,ピザハウス,名詞,普通名詞,一般,*,*,*
ひる-動詞-一般-*-*-五段-ラ行-連体形-一般,ひる,ヒル,動詞,一般,*,*,五段-ラ行,連体形-一般
え-感動詞-フィラー-*-*-*-*,え,エ,感動詞,フィラー,*,*,*,*
んで-接続詞-*-*-*-*-*,んで,ンデ,接続詞,*,*,*,*,*
ローラー-名詞-普通名詞-一般-*-*-*,ローラー,ローラー,名詞,普通名詞,一般,*,*,*
ブレード-名詞-普通名詞-一般-*-*-*,ブレード,ブレード,名詞,普通名詞,一般,*,*,*
レストラン-名詞-普通名詞-一般-*-*-*,レストラン,レストラン,名詞,普通名詞,一般,*,*,*
・-補助記号-一般-*-*-*-*,・,・,補助記号,一般,*,*,*,*
しんじ-名詞-固有名詞-人名-姓-*-*,しんじ,シンジ,名詞,固有名詞,人名,姓,*,*
たのしい-形容詞-一般-*-*-形容詞-終止形-一般,たのしい,タノシイ,形容詞,一般,*,*,形容詞,終止形-一般
おんがく-名詞-普通名詞-一般-*-*-*,おんがく,オンガク,名詞,普通名詞,一般,*,*,*
ちり-名詞-普通名詞-一般-*-*-*,ちり,チリ,名詞,普通名詞,一般,*,*,*
けいざい-名詞-普通名詞-一般-*-*-*,けいざい,ケイザイ,名詞,普通名詞,一般,*,*,*
にがて-名詞-普通名詞-形状詞可能-*-*-*,にがて,ニガテ,名詞,普通名詞,形状詞可能,*,*,*
かもく-名詞-普通名詞-一般-*-*-*,かもく,カモク,名詞,普通名詞,一般,*,*,*
サム-名詞-固有名詞-人名-一般-*-*,サム,サム,名詞,固有名詞,人名,一般,*,*
こんにちは-感動詞-一般-*-*-*-*,こんにちは,コンニチハ,感動詞,一般,*,*,*,*
あたらしい-形容詞-一般-*-*-形容詞-連体形-一般,あたらしい,アタラシイ,形容詞,一般,*,*,形容詞,連体形-一般
しぶや-名詞-固有名詞-地名-一般-*-*,しぶや,シブヤ,名詞,固有名詞,地名,一般,*,*
こう-接尾辞-名詞的-一般-*-*-*,こう,コウ,接尾辞,名詞的,一般,*,*,*
はこ-名詞-普通名詞-一般-*-*-*,はこ,ハコ,名詞,普通名詞,一般,*,*,*
ほく-名詞-普通名詞-一般-*-*-*,ほく,ホク,名詞,普通名詞,一般,*,*,*
しゅみ-名詞-普通名詞-一般-*-*-*,しゅみ,シュミ,名詞,普通名詞,一般,*,*,*
ギター-名詞-普通名詞-一般-*-*-*,ギター,ギター,名詞,普通名詞,一般,*,*,*
ピアノ-名詞-普通名詞-一般-*-*-*,ピアノ,ピアノ,名詞,普通名詞,一般,*,*,*
れんしゅう-名詞-普通名詞-サ変可能-*-*-*,れんしゅう,レンシュウ,名詞,普通名詞,サ変可能,*,*,*
むずかしい-形容詞-一般-*-*-形容詞-連体形-一般,むずかしい,ムズカシイ,形容詞,一般,*,*,形容詞,連体形-一般
ぜんぜん-副詞-*-*-*-*-*,ぜんぜん,ゼンゼン,副詞,*,*,*,*,*
ご-接尾辞-名詞的-一般-*-*-*,ご,ゴ,接尾辞,名詞的,一般,*,*,*
ず-助動詞-*-*-*-助動詞-ヌ-連用形-一般,ず,ズ,助動詞,*,*,*,助動詞-ヌ,連用形-一般
かもく-名詞-普通名詞-形状詞可能-*-*-*,かもく,カモク,名詞,普通名詞,形状詞可能,*,*,*
かく-動詞-一般-*-*-五段-カ行-連用形-イ音便,かく,カイ,動詞,一般,*,*,五段-カ行,連用形-イ音便
よしゆき-名詞-固有名詞-人名-名-*-*,よしゆき,ヨシユキ,名詞,固有名詞,人名,名,*,*
水曜日-名詞-普通名詞-副詞可能-*-*-*,水曜日,スイヨウビ,名詞,普通名詞,副詞可能,*,*,*
あさごはん-名詞-普通名詞-一般-*-*-*,あさごはん,アサゴハン,名詞,普通名詞,一般,*,*,*
十-名詞-数詞-*-*-*-*,十,ジュウ,名詞,数詞,*,*,*,*
分-名詞-普通名詞-助数詞可能-*-*-*,分,フン,名詞,普通名詞,助数詞可能,*,*,*
四十五-名詞-数詞-*-*-*-*,四十五,ヨンジュウゴ,名詞,数詞,*,*,*,*
一時-名詞-普通名詞-副詞可能-*-*-*,一時,イチジ,名詞,普通名詞,副詞可能,*,*,*
五-名詞-数詞-*-*-*-*,五,ゴ,名詞,数詞,*,*,*,*
バス-名詞-普通名詞-一般-*-*-*,バス,バス,名詞,普通名詞,一般,*,*,*
しゅく-名詞-普通名詞-一般-*-*-*,しゅく,シュク,名詞,普通名詞,一般,*,*,*
だい-名詞-普通名詞-一般-*-*-*,だい,ダイ,名詞,普通名詞,一般,*,*,*
大時-名詞-固有名詞-地名-一般-*-*,大時,オオトキ,名詞,固有名詞,地名,一般,*,*
だ-助動詞-*-*-*-助動詞-ダ-連用形-ニ,だ,ニ,助動詞,*,*,*,助動詞-ダ,連用形-ニ
ばん-副詞-*-*-*-*-*,ばん,バン,副詞,*,*,*,*,*
本-名詞-普通名詞-一般-*-*-*,本,ホン,名詞,普通名詞,一般,*,*,*
よむ-動詞-一般-*-*-五段-マ行-連用形-一般,よむ,ヨミ,動詞,一般,*,*,五段-マ行,連用形-一般
よく-副詞-*-*-*-*-*,よく,ヨク,副詞,*,*,*,*,*
サーフィン-名詞-普通名詞-一般-*-*-*,サーフィン,サーフィン,名詞,普通名詞,一般,*,*,*
水上-名詞-普通名詞-一般-*-*-*,水上,スイジョウ,名詞,普通名詞,一般,*,*,*
よる-動詞-一般-*-*-五段-ラ行-連体形-一般,よる,ヨル,動詞,一般,*,*,五段-ラ行,連体形-一般
バーベキュー-名詞-普通名詞-サ変可能-*-*-*,バーベキュー,バーベキュー,名詞,普通名詞,サ変可能,*,*,*
火-名詞-普通名詞-一般-*-*-*,火,ヒ,名詞,普通名詞,一般,*,*,*
すばらしい-形容詞-一般-*-*-形容詞-終止形-一般,すばらしい,スバラシイ,形容詞,一般,*,*,形容詞,終止形-一般
あつい-形容詞-一般-*-*-形容詞-連体形-一般,あつい,アツイ,形容詞,一般,*,*,形容詞,連体形-一般
ごおり-名詞-普通名詞-一般-*-*-*,ごおり,ゴオリ,名詞,普通名詞,一般,*,*,*
十五-名詞-数詞-*-*-*-*,十五,ジュウゴ,名詞,数詞,*,*,*,*
ながい-形容詞-一般-*-*-形容詞-連体形-一般,ながい,ナガイ,形容詞,一般,*,*,形容詞,連体形-一般
なまえ-名詞-普通名詞-一般-*-*-*,なまえ,ナマエ,名詞,普通名詞,一般,*,*,*
ティム-名詞-固有名詞-人名-一般-*-*,ティム,ティム,名詞,固有名詞,人名,一般,*,*
カナダ-名詞-固有名詞-地名-国-*-*,カナダ,カナダ,名詞,固有名詞,地名,国,*,*
さい-接尾辞-名詞的-助数詞-*-*-*,さい,サイ,接尾辞,名詞的,助数詞,*,*,*
火曜日-名詞-普通名詞-副詞可能-*-*-*,火曜日,カヨウビ,名詞,普通名詞,副詞可能,*,*,*
クリケット-名詞-普通名詞-一般-*-*-*,クリケット,クリケット,名詞,普通名詞,一般,*,*,*
ほう-感動詞-一般-*-*-*-*,ほう,ホウ,感動詞,一般,*,*,*,*
かご-名詞-普通名詞-一般-*-*-*,かご,カゴ,名詞,普通名詞,一般,*,*,*
ひま-名詞-普通名詞-形状詞可能-*-*-*,ひま,ヒマ,名詞,普通名詞,形状詞可能,*,*,*
ばん-名詞-普通名詞-副詞可能-*-*-*,ばん,バン,名詞,普通名詞,副詞可能,*,*,*
たのしい-形容詞-一般-*-*-形容詞-連体形-一般,たのしい,タノシイ,形容詞,一般,*,*,形容詞,連体形-一般
週間-名詞-普通名詞-助数詞可能-*-*-*,週間,シュウカン,名詞,普通名詞,助数詞可能,*,*,*
はは-感動詞-一般-*-*-*-*,はは,ハハ,感動詞,一般,*,*,*,*
六-名詞-数詞-*-*-*-*,六,ロク,名詞,数詞,*,*,*,*
くる-動詞-非自立可能-*-*-カ行変格-連体形-一般,くる,クル,動詞,非自立可能,*,*,カ行変格,連体形-一般
でんしゃ-名詞-普通名詞-一般-*-*-*,でんしゃ,デンシャ,名詞,普通名詞,一般,*,*,*
分-接尾辞-名詞的-サ変可能-*-*-*,分,ブン,接尾辞,名詞的,サ変可能,*,*,*
ひる-名詞-普通名詞-副詞可能-*-*-*,ひる,ヒル,名詞,普通名詞,副詞可能,*,*,*
スポーツの日-名詞-普通名詞-一般-*-*-*,スポーツの日,スポーツノヒ,名詞,普通名詞,一般,*,*,*
バンド-名詞-普通名詞-一般-*-*-*,バンド,バンド,名詞,普通名詞,一般,*,*,*
コメディー-名詞-普通名詞-一般-*-*-*,コメディー,コメディー,名詞,普通名詞,一般,*,*,*
+-補助記号-一般-*-*-*-*,+,キゴウ,補助記号,一般,*,*,*,*
チャンネル-名詞-普通名詞-一般-*-*-*,チャンネル,チャンネル,名詞,普通名詞,一般,*,*,*
まんが-名詞-普通名詞-一般-*-*-*,まんが,マンガ,名詞,普通名詞,一般,*,*,*
やきゅう-名詞-普通名詞-一般-*-*-*,やきゅう,ヤキュウ,名詞,普通名詞,一般,*,*,*
レッスン-名詞-普通名詞-一般-*-*-*,レッスン,レッスン,名詞,普通名詞,一般,*,*,*
まいばん-名詞-普通名詞-副詞可能-*-*-*,まいばん,マイバン,名詞,普通名詞,副詞可能,*,*,*
春-名詞-普通名詞-副詞可能-*-*-*,春,ハル,名詞,普通名詞,副詞可能,*,*,*
ひなまつり-名詞-普通名詞-一般-*-*-*,ひなまつり,ヒナマツリ,名詞,普通名詞,一般,*,*,*
ひな-名詞-普通名詞-一般-*-*-*,ひな,ヒナ,名詞,普通名詞,一般,*,*,*
にんぎょう-名詞-普通名詞-一般-*-*-*,にんぎょう,ニンギョウ,名詞,普通名詞,一般,*,*,*
はなみ-名詞-普通名詞-一般-*-*-*,はなみ,ハナミ,名詞,普通名詞,一般,*,*,*
ピクニック-名詞-普通名詞-一般-*-*-*,ピクニック,ピクニック,名詞,普通名詞,一般,*,*,*
さくら-名詞-普通名詞-一般-*-*-*,さくら,サクラ,名詞,普通名詞,一般,*,*,*
み-名詞-普通名詞-一般-*-*-*,み,ミ,名詞,普通名詞,一般,*,*,*
おんせん-名詞-普通名詞-一般-*-*-*,おんせん,オンセン,名詞,普通名詞,一般,*,*,*
リラックス-名詞-普通名詞-サ変可能-*-*-*,リラックス,リラックス,名詞,普通名詞,サ変可能,*,*,*
よい-形容詞-非自立可能-*-*-形容詞-連用形-促音便,よい,ヨカッ,形容詞,非自立可能,*,*,形容詞,連用形-促音便
日本人-名詞-普通名詞-一般-*-*-*,日本人,ニホンジン,名詞,普通名詞,一般,*,*,*
国民の祝日-名詞-普通名詞-一般-*-*-*,国民の祝日,コクミンノシュクジツ,名詞,普通名詞,一般,*,*,*
16-名詞-数詞-*-*-*-*,16,イチロク,名詞,数詞,*,*,*,*
ある-動詞-非自立可能-*-*-五段-ラ行-連用形-促音便,ある,アッ,動詞,非自立可能,*,*,五段-ラ行,連用形-促音便
世界-名詞-普通名詞-一般-*-*-*,世界,セカイ,名詞,普通名詞,一般,*,*,*
一番-副詞-*-*-*-*-*,一番,イチバン,副詞,*,*,*,*,*
多い-形容詞-一般-*-*-形容詞-終止形-一般,多い,オオイ,形容詞,一般,*,*,形容詞,終止形-一般
12-名詞-数詞-*-*-*-*,12,イチニ,名詞,数詞,*,*,*,*
長い-形容詞-一般-*-*-形容詞-終止形-一般,長い,ナガイ,形容詞,一般,*,*,形容詞,終止形-一般
今-名詞-普通名詞-副詞可能-*-*-*,今,イマ,名詞,普通名詞,副詞可能,*,*,*
ほとんど-名詞-普通名詞-副詞可能-*-*-*,ほとんど,ホトンド,名詞,普通名詞,副詞可能,*,*,*
会社-名詞-普通名詞-一般-*-*-*,会社,カイシャ,名詞,普通名詞,一般,*,*,*
週-名詞-普通名詞-助数詞可能-*-*-*,週,シュウ,名詞,普通名詞,助数詞可能,*,*,*
休める-動詞-一般-*-*-下一段-マ行-連体形-一般,休める,ヤスメル,動詞,一般,*,*,下一段-マ行,連体形-一般
よう-形状詞-助動詞語幹-*-*-*-*,よう,ヨウ,形状詞,助動詞語幹,*,*,*,*
なる-動詞-非自立可能-*-*-五段-ラ行-連用形-一般,なる,ナリ,動詞,非自立可能,*,*,五段-ラ行,連用形-一般
いそがしい-形容詞-一般-*-*-形容詞-連体形-一般,いそがしい,イソガシイ,形容詞,一般,*,*,形容詞,連体形-一般
時-名詞-普通名詞-副詞可能-*-*-*,時,トキ,名詞,普通名詞,副詞可能,*,*,*
時々-名詞-普通名詞-副詞可能-*-*-*,時々,トキドキ,名詞,普通名詞,副詞可能,*,*,*
働く-動詞-一般-*-*-五段-カ行-連体形-一般,働く,ハタラク,動詞,一般,*,*,五段-カ行,連体形-一般
が-助詞-接続助詞-*-*-*-*,が,ガ,助詞,接続助詞,*,*,*,*
休日-名詞-普通名詞-副詞可能-*-*-*,休日,キュウジツ,名詞,普通名詞,副詞可能,*,*,*
たしか-形状詞-一般-*-*-*-*,たしか,タシカ,形状詞,一般,*,*,*,*
ふえる-動詞-一般-*-*-下一段-ア行-連用形-一般,ふえる,フエ,動詞,一般,*,*,下一段-ア行,連用形-一般
フランス-名詞-固有名詞-地名-国-*-*,フランス,フランス,名詞,固有名詞,地名,国,*,*
ドイツ-名詞-固有名詞-地名-国-*-*,ドイツ,ドイツ,名詞,固有名詞,地名,国,*,*
年休-名詞-普通名詞-一般-*-*-*,年休,ネンキュウ,名詞,普通名詞,一般,*,*,*
(-補助記号-括弧開-*-*-*-*,(,キゴウ,補助記号,括弧開,*,*,*,*
給料-名詞-普通名詞-一般-*-*-*,給料,キュウリョウ,名詞,普通名詞,一般,*,*,*
もらう-動詞-非自立可能-*-*-五段-ワア行-連用形-促音便,もらう,モラッ,動詞,非自立可能,*,*,五段-ワア行,連用形-促音便
)-補助記号-括弧閉-*-*-*-*,),キゴウ,補助記号,括弧閉,*,*,*,*
20-名詞-数詞-*-*-*-*,20,ニレイ,名詞,数詞,*,*,*,*
多く-名詞-普通名詞-副詞可能-*-*-*,多く,オオク,名詞,普通名詞,副詞可能,*,*,*
人-名詞-普通名詞-一般-*-*-*,人,ヒト,名詞,普通名詞,一般,*,*,*
とる-動詞-一般-*-*-五段-ラ行-連用形-一般,とる,トリ,動詞,一般,*,*,五段-ラ行,連用形-一般
しかし-接続詞-*-*-*-*-*,しかし,シカシ,接続詞,*,*,*,*,*
まだ-副詞-*-*-*-*-*,まだ,マダ,副詞,*,*,*,*,*
50-名詞-数詞-*-*-*-*,50,ゴレイ,名詞,数詞,*,*,*,*
%-名詞-普通名詞-助数詞可能-*-*-*,%,パーセント,名詞,普通名詞,助数詞可能,*,*,*
ぐらい-助詞-副助詞-*-*-*-*,ぐらい,グライ,助詞,副助詞,*,*,*,*
しか-助詞-副助詞-*-*-*-*,しか,シカ,助詞,副助詞,*,*,*,*
とる-動詞-一般-*-*-五段-ラ行-未然形-一般,とる,トラ,動詞,一般,*,*,五段-ラ行,未然形-一般
ない-助動詞-*-*-*-助動詞-ナイ-連体形-一般,ない,ナイ,助動詞,*,*,*,助動詞-ナイ,連体形-一般
そう-名詞-助動詞語幹-*-*-*-*,そう,ソウ,名詞,助動詞語幹,*,*,*,*
りゆう-名詞-普通名詞-一般-*-*-*,りゆう,リユウ,名詞,普通名詞,一般,*,*,*
いろいろ-副詞-*-*-*-*-*,いろいろ,イロイロ,副詞,*,*,*,*,*
「-補助記号-括弧開-*-*-*-*,「,キゴウ,補助記号,括弧開,*,*,*,*
こまる-動詞-一般-*-*-五段-ラ行-連用形-促音便,こまる,コマッ,動詞,一般,*,*,五段-ラ行,連用形-促音便
た-助動詞-*-*-*-助動詞-タ-連体形-一般,た,タ,助動詞,*,*,*,助動詞-タ,連体形-一般
ため-名詞-普通名詞-副詞可能-*-*-*,ため,タメ,名詞,普通名詞,副詞可能,*,*,*
とる-動詞-一般-*-*-五段-ラ行-連用形-促音便,とる,トッ,動詞,一般,*,*,五段-ラ行,連用形-促音便
おく-動詞-非自立可能-*-*-五段-カ行-終止形-一般,おく,オク,動詞,非自立可能,*,*,五段-カ行,終止形-一般
」-補助記号-括弧閉-*-*-*-*,」,キゴウ,補助記号,括弧閉,*,*,*,*
仕事-名詞-普通名詞-サ変可能-*-*-*,仕事,シゴト,名詞,普通名詞,サ変可能,*,*,*
にくい-接尾辞-形容詞的-*-*-形容詞-終止形-一般,にくい,ニクイ,接尾辞,形容詞的,*,*,形容詞,終止形-一般
ほか-名詞-普通名詞-副詞可能-*-*-*,ほか,ホカ,名詞,普通名詞,副詞可能,*,*,*
ない-助動詞-*-*-*-助動詞-ナイ-終止形-一般,ない,ナイ,助動詞,*,*,*,助動詞-ナイ,終止形-一般
いう-動詞-一般-*-*-五段-ワア行-連体形-一般,いう,イウ,動詞,一般,*,*,五段-ワア行,連体形-一般
りゅう-名詞-普通名詞-一般-*-*-*,りゅう,リュウ,名詞,普通名詞,一般,*,*,*
時間-名詞-普通名詞-助数詞可能-*-*-*,時間,ジカン,名詞,普通名詞,助数詞可能,*,*,*
使い方-名詞-普通名詞-一般-*-*-*,使い方,ツカイカタ,名詞,普通名詞,一般,*,*,*
かわる-動詞-一般-*-*-五段-ラ行-連用形-促音便,かわる,カワッ,動詞,一般,*,*,五段-ラ行,連用形-促音便
30-名詞-数詞-*-*-*-*,30,サンレイ,名詞,数詞,*,*,*,*
グループ-名詞-普通名詞-一般-*-*-*,グループ,グループ,名詞,普通名詞,一般,*,*,*
旅行-名詞-普通名詞-サ変可能-*-*-*,旅行,リョコウ,名詞,普通名詞,サ変可能,*,*,*
多い-形容詞-一般-*-*-形容詞-連用形-一般,多い,オオク,形容詞,一般,*,*,形容詞,連用形-一般
とくに-副詞-*-*-*-*-*,とくに,トクニ,副詞,*,*,*,*,*
お金-名詞-固有名詞-一般-*-*-*,お金,オカネ,名詞,固有名詞,一般,*,*,*
使う-動詞-一般-*-*-五段-ワア行-連用形-促音便,使う,ツカッ,動詞,一般,*,*,五段-ワア行,連用形-促音便
海外旅行-名詞-普通名詞-一般-*-*-*,海外旅行,カイガイリョコウ,名詞,普通名詞,一般,*,*,*
行く-動詞-非自立可能-*-*-五段-カ行-連用形-一般,行く,イキ,動詞,非自立可能,*,*,五段-カ行,連用形-一般
家族-名詞-普通名詞-一般-*-*-*,家族,カゾク,名詞,普通名詞,一般,*,*,*
友人-名詞-普通名詞-一般-*-*-*,友人,ユウジン,名詞,普通名詞,一般,*,*,*
行く-動詞-非自立可能-*-*-五段-カ行-連体形-一般,行く,イク,動詞,非自立可能,*,*,五段-カ行,連体形-一般
すごす-動詞-一般-*-*-五段-サ行-連体形-一般,すごす,スゴス,動詞,一般,*,*,五段-サ行,連体形-一般
大切-形状詞-一般-*-*-*-*,大切,タイセツ,形状詞,一般,*,*,*,*
なる-動詞-非自立可能-*-*-五段-ラ行-連用形-促音便,なる,ナッ,動詞,非自立可能,*,*,五段-ラ行,連用形-促音便
じつ-名詞-普通名詞-一般-*-*-*,じつ,ジツ,名詞,普通名詞,一般,*,*,*
人気-名詞-普通名詞-一般-*-*-*,人気,ニンキ,名詞,普通名詞,一般,*,*,*
ある-動詞-非自立可能-*-*-五段-ラ行-連体形-一般,ある,アル,動詞,非自立可能,*,*,五段-ラ行,連体形-一般
余暇-名詞-普通名詞-一般-*-*-*,余暇,ヨカ,名詞,普通名詞,一般,*,*,*
すごす-動詞-一般-*-*-五段-サ行-連用形-一般,すごす,スゴシ,動詞,一般,*,*,五段-サ行,連用形-一般
方-接尾辞-名詞的-一般-*-*-*,方,カタ,接尾辞,名詞的,一般,*,*,*
国内旅行-名詞-普通名詞-一般-*-*-*,国内旅行,コクナイリョコウ,名詞,普通名詞,一般,*,*,*
1-名詞-数詞-*-*-*-*,1,イチ,名詞,数詞,*,*,*,*
京都-名詞-固有名詞-地名-一般-*-*,京都,キョウト,名詞,固有名詞,地名,一般,*,*
寺-名詞-普通名詞-一般-*-*-*,寺,テラ,名詞,普通名詞,一般,*,*,*
産-名詞-普通名詞-一般-*-*-*,産,サン,名詞,普通名詞,一般,*,*,*
姫路-名詞-固有名詞-地名-一般-*-*,姫路,ヒメジ,名詞,固有名詞,地名,一般,*,*
城-接尾辞-名詞的-一般-*-*-*,城,ジョウ,接尾辞,名詞的,一般,*,*,*
3-名詞-数詞-*-*-*-*,3,サン,名詞,数詞,*,*,*,*
宮島-名詞-固有名詞-人名-姓-*-*,宮島,ミヤジマ,名詞,固有名詞,人名,姓,*,*
4-名詞-数詞-*-*-*-*,4,ヨン,名詞,数詞,*,*,*,*
知床-名詞-固有名詞-地名-一般-*-*,知床,シレトコ,名詞,固有名詞,地名,一般,*,*
半島-名詞-普通名詞-一般-*-*-*,半島,ハントウ,名詞,普通名詞,一般,*,*,*
5-名詞-数詞-*-*-*-*,5,ゴ,名詞,数詞,*,*,*,*
白川-名詞-固有名詞-一般-*-*-*,白川,シラカワ,名詞,固有名詞,一般,*,*,*
郷-接尾辞-名詞的-一般-*-*-*,郷,キョウ,接尾辞,名詞的,一般,*,*,*
五箇山-名詞-固有名詞-地名-一般-*-*,五箇山,ゴカヤマ,名詞,固有名詞,地名,一般,*,*
活動-名詞-普通名詞-サ変可能-*-*-*,活動,カツドウ,名詞,普通名詞,サ変可能,*,*,*
番-名詞-普通名詞-助数詞可能-*-*-*,番,バン,名詞,普通名詞,助数詞可能,*,*,*
外食-名詞-普通名詞-サ変可能-*-*-*,外食,ガイショク,名詞,普通名詞,サ変可能,*,*,*
物-名詞-普通名詞-サ変可能-*-*-*,物,モノ,名詞,普通名詞,サ変可能,*,*,*
食べる-動詞-一般-*-*-下一段-バ行-連用形-一般,食べる,タベ,動詞,一般,*,*,下一段-バ行,連用形-一般
行く-動詞-非自立可能-*-*-五段-カ行-終止形-一般,行く,イク,動詞,非自立可能,*,*,五段-カ行,終止形-一般
ドライブ-名詞-普通名詞-サ変可能-*-*-*,ドライブ,ドライブ,名詞,普通名詞,サ変可能,*,*,*
読書-名詞-普通名詞-サ変可能-*-*-*,読書,ドクショ,名詞,普通名詞,サ変可能,*,*,*
ざっ-副詞-*-*-*-*-*,ざっ,ザッ,副詞,*,*,*,*,*
読む-動詞-一般-*-*-五段-マ行-終止形-一般,読む,ヨム,動詞,一般,*,*,五段-マ行,終止形-一般
見る-動詞-非自立可能-*-*-上一段-マ行-連体形-一般,見る,ミル,動詞,非自立可能,*,*,上一段-マ行,連体形-一般
こと-名詞-普通名詞-一般-*-*-*,こと,コト,名詞,普通名詞,一般,*,*,*
NHK-名詞-固有名詞-一般-*-*-*,NHK,エヌエイチケー,名詞,固有名詞,一般,*,*,*
日本放送協会-名詞-固有名詞-一般-*-*-*,日本放送協会,ニッポンホウソウキョウカイ,名詞,固有名詞,一般,*,*,*
ちょう-名詞-固有名詞-人名-姓-*-*,ちょう,チョウ,名詞,固有名詞,人名,姓,*,*
さ-接尾辞-名詞的-一般-*-*-*,さ,サ,接尾辞,名詞的,一般,*,*,*
見る-動詞-非自立可能-*-*-上一段-マ行-終止形-一般,見る,ミル,動詞,非自立可能,*,*,上一段-マ行,終止形-一般
と-助詞-接続助詞-*-*-*-*,と,ト,助詞,接続助詞,*,*,*,*
見る-動詞-非自立可能-*-*-上一段-マ行-連用形-一般,見る,ミ,動詞,非自立可能,*,*,上一段-マ行,連用形-一般
わかい-形容詞-一般-*-*-形容詞-連体形-一般,わかい,ワカイ,形容詞,一般,*,*,形容詞,連体形-一般
男-名詞-普通名詞-一般-*-*-*,男,オトコ,名詞,普通名詞,一般,*,*,*
女-名詞-普通名詞-一般-*-*-*,女,オンナ,名詞,普通名詞,一般,*,*,*
ちがう-動詞-一般-*-*-五段-ワア行-連体形-一般,ちがう,チガウ,動詞,一般,*,*,五段-ワア行,連体形-一般
分かる-動詞-一般-*-*-五段-ラ行-連用形-一般,分かる,ワカリ,動詞,一般,*,*,五段-ラ行,連用形-一般
才-接尾辞-名詞的-助数詞-*-*-*,才,サイ,接尾辞,名詞的,助数詞,*,*,*
60-名詞-数詞-*-*-*-*,60,ロクレイ,名詞,数詞,*,*,*,*
インターネット-名詞-普通名詞-一般-*-*-*,インターネット,インターネット,名詞,普通名詞,一般,*,*,*
使う-動詞-一般-*-*-五段-ワア行-連用形-一般,使う,ツカイ,動詞,一般,*,*,五段-ワア行,連用形-一般
新聞-名詞-普通名詞-一般-*-*-*,新聞,シンブン,名詞,普通名詞,一般,*,*,*
読む-動詞-一般-*-*-五段-マ行-連体形-一般,読む,ヨム,動詞,一般,*,*,五段-マ行,連体形-一般
80-名詞-数詞-*-*-*-*,80,ハチレイ,名詞,数詞,*,*,*,*
グーム-名詞-普通名詞-一般-*-*-*,グーム,グーム,名詞,普通名詞,一般,*,*,*
たり-助詞-副助詞-*-*-*-*,たり,タリ,助詞,副助詞,*,*,*,*
する-動詞-非自立可能-*-*-サ行変格-連体形-一般,する,スル,動詞,非自立可能,*,*,サ行変格,連体形-一般
年代-名詞-普通名詞-一般-*-*-*,年代,ネンダイ,名詞,普通名詞,一般,*,*,*
ダーム-名詞-普通名詞-一般-*-*-*,ダーム,ダーム,名詞,普通名詞,一般,*,*,*
代わり-名詞-普通名詞-一般-*-*-*,代わり,カワリ,名詞,普通名詞,一般,*,*,*
買い物-名詞-普通名詞-サ変可能-*-*-*,買い物,カイモノ,名詞,普通名詞,サ変可能,*,*,*
好き-形状詞-一般-*-*-*-*,好き,スキ,形状詞,一般,*,*,*,*
以上-名詞-普通名詞-副詞可能-*-*-*,以上,イジョウ,名詞,普通名詞,副詞可能,*,*,*
なる-動詞-非自立可能-*-*-五段-ラ行-終止形-一般,なる,ナル,動詞,非自立可能,*,*,五段-ラ行,終止形-一般
さんぽ-名詞-普通名詞-サ変可能-*-*-*,さんぽ,サンポ,名詞,普通名詞,サ変可能,*,*,*
花-名詞-普通名詞-一般-*-*-*,花,ハナ,名詞,普通名詞,一般,*,*,*
木-名詞-普通名詞-一般-*-*-*,木,キ,名詞,普通名詞,一般,*,*,*
せわ-名詞-普通名詞-サ変可能-*-*-*,せわ,セワ,名詞,普通名詞,サ変可能,*,*,*
く-名詞-数詞-*-*-*-*,く,ク,名詞,数詞,*,*,*,*
夫婦-名詞-普通名詞-一般-*-*-*,夫婦,フウフ,名詞,普通名詞,一般,*,*,*
退職-名詞-普通名詞-サ変可能-*-*-*,退職,タイショク,名詞,普通名詞,サ変可能,*,*,*
きょうみ-名詞-普通名詞-一般-*-*-*,きょうみ,キョウミ,名詞,普通名詞,一般,*,*,*
習う-動詞-一般-*-*-五段-ワア行-連用形-一般,習う,ナライ,動詞,一般,*,*,五段-ワア行,連用形-一般
行く-動詞-非自立可能-*-*-五段-カ行-連用形-促音便,行く,イッ,動詞,非自立可能,*,*,五段-カ行,連用形-促音便
地域-名詞-普通名詞-一般-*-*-*,地域,チイキ,名詞,普通名詞,一般,*,*,*
ボランティア活動-名詞-普通名詞-一般-*-*-*,ボランティア活動,ボランティアカツドウ,名詞,普通名詞,一般,*,*,*
長生き-名詞-普通名詞-サ変可能-*-*-*,長生き,ナガイキ,名詞,普通名詞,サ変可能,*,*,*
って-助詞-副助詞-*-*-*-*,って,ッテ,助詞,副助詞,*,*,*,*
ポップ-名詞-普通名詞-サ変形状詞可能-*-*-*,ポップ,ポップ,名詞,普通名詞,サ変形状詞可能,*,*,*
カルチャー-名詞-普通名詞-一般-*-*-*,カルチャー,カルチャー,名詞,普通名詞,一般,*,*,*
つく-動詞-一般-*-*-五段-カ行-連用形-イ音便,つく,ツイ,動詞,一般,*,*,五段-カ行,連用形-イ音便
会話-名詞-普通名詞-サ変可能-*-*-*,会話,カイワ,名詞,普通名詞,サ変可能,*,*,*
さつき-名詞-普通名詞-一般-*-*-*,さつき,サツキ,名詞,普通名詞,一般,*,*,*
海外-名詞-普通名詞-一般-*-*-*,海外,カイガイ,名詞,普通名詞,一般,*,*,*
ポール-名詞-固有名詞-人名-一般-*-*,ポール,ポール,名詞,固有名詞,人名,一般,*,*
だれ-代名詞-*-*-*-*-*,だれ,ダレ,代名詞,*,*,*,*,*
アニメ-名詞-普通名詞-一般-*-*-*,アニメ,アニメ,名詞,普通名詞,一般,*,*,*
知る-動詞-一般-*-*-五段-ラ行-連用形-促音便,知る,シッ,動詞,一般,*,*,五段-ラ行,連用形-促音便
さっき-名詞-普通名詞-副詞可能-*-*-*,さっき,サッキ,名詞,普通名詞,副詞可能,*,*,*
外国-名詞-普通名詞-一般-*-*-*,外国,ガイコク,名詞,普通名詞,一般,*,*,*
少し-副詞-*-*-*-*-*,少し,スコシ,副詞,*,*,*,*,*
いろいろ-形状詞-一般-*-*-*-*,いろいろ,イロイロ,形状詞,一般,*,*,*,*
ちがい-名詞-普通名詞-一般-*-*-*,ちがい,チガイ,名詞,普通名詞,一般,*,*,*
たとえば-副詞-*-*-*-*-*,たとえば,タトエバ,副詞,*,*,*,*,*
ピクサー-名詞-固有名詞-一般-*-*-*,ピクサー,ピクサー,名詞,固有名詞,一般,*,*,*
アニメーション-名詞-普通名詞-一般-*-*-*,アニメーション,アニメーション,名詞,普通名詞,一般,*,*,*
言う-動詞-一般-*-*-五段-ワア行-連用形-促音便,言う,イッ,動詞,一般,*,*,五段-ワア行,連用形-促音便
よぶ-動詞-一般-*-*-五段-バ行-連用形-一般,よぶ,ヨビ,動詞,一般,*,*,五段-バ行,連用形-一般
なぜ-副詞-*-*-*-*-*,なぜ,ナゼ,副詞,*,*,*,*,*
独特-形状詞-一般-*-*-*-*,独特,ドクトク,形状詞,一般,*,*,*,*
テーマ-名詞-普通名詞-一般-*-*-*,テーマ,テーマ,名詞,普通名詞,一般,*,*,*
作り方-名詞-普通名詞-一般-*-*-*,作り方,ツクリカタ,名詞,普通名詞,一般,*,*,*
ちがう-動詞-一般-*-*-五段-ワア行-連用形-一般,ちがう,チガイ,動詞,一般,*,*,五段-ワア行,連用形-一般
セル-名詞-普通名詞-一般-*-*-*,セル,セル,名詞,普通名詞,一般,*,*,*
一方-接続詞-*-*-*-*-*,一方,イッポウ,接続詞,*,*,*,*,*
ディジタル-名詞-普通名詞-形状詞可能-*-*-*,ディジタル,ディジタル,名詞,普通名詞,形状詞可能,*,*,*
色-名詞-普通名詞-一般-*-*-*,色,イロ,名詞,普通名詞,一般,*,*,*
くらべる-動詞-一般-*-*-下一段-バ行-連用形-一般,くらべる,クラベ,動詞,一般,*,*,下一段-バ行,連用形-一般
動き-名詞-普通名詞-一般-*-*-*,動き,ウゴキ,名詞,普通名詞,一般,*,*,*
なめらか-形状詞-一般-*-*-*-*,なめらか,ナメラカ,形状詞,一般,*,*,*,*
くべつ-名詞-普通名詞-サ変可能-*-*-*,くべつ,クベツ,名詞,普通名詞,サ変可能,*,*,*
言う-動詞-一般-*-*-五段-ワア行-終止形-一般,言う,ユウ,動詞,一般,*,*,五段-ワア行,終止形-一般
思う-動詞-一般-*-*-五段-ワア行-連用形-一般,思う,オモイ,動詞,一般,*,*,五段-ワア行,連用形-一般
だ-助動詞-*-*-*-助動詞-ダ-連用形-一般,だ,デ,助動詞,*,*,*,助動詞-ダ,連用形-一般
自分-名詞-普通名詞-一般-*-*-*,自分,ジブン,名詞,普通名詞,一般,*,*,*
ジャンル-名詞-普通名詞-一般-*-*-*,ジャンル,ジャンル,名詞,普通名詞,一般,*,*,*
えらぶ-動詞-一般-*-*-五段-バ行-連体形-一般,えらぶ,エラブ,動詞,一般,*,*,五段-バ行,連体形-一般
ジブリ-名詞-固有名詞-一般-*-*-*,ジブリ,ジブリ,名詞,固有名詞,一般,*,*,*
大人-名詞-普通名詞-一般-*-*-*,大人,オトナ,名詞,普通名詞,一般,*,*,*
子供-名詞-普通名詞-一般-*-*-*,子供,コドモ,名詞,普通名詞,一般,*,*,*
楽しむ-動詞-一般-*-*-五段-マ行-連体形-一般,楽しむ,タノシム,動詞,一般,*,*,五段-マ行,連体形-一般
読む-動詞-一般-*-*-五段-マ行-連用形-一般,読む,ヨミ,動詞,一般,*,*,五段-マ行,連用形-一般
ある-動詞-非自立可能-*-*-五段-ラ行-終止形-一般,ある,アル,動詞,非自立可能,*,*,五段-ラ行,終止形-一般
かんたん-形状詞-一般-*-*-*-*,かんたん,カンタン,形状詞,一般,*,*,*,*
ストーリー-名詞-普通名詞-一般-*-*-*,ストーリー,ストーリー,名詞,普通名詞,一般,*,*,*
分る-動詞-一般-*-*-五段-ラ行-連用形-促音便,分る,ワカッ,動詞,一般,*,*,五段-ラ行,連用形-促音便
漢字-名詞-普通名詞-一般-*-*-*,漢字,カンジ,名詞,普通名詞,一般,*,*,*
習う-動詞-一般-*-*-五段-ワア行-連体形-一般,習う,ナラウ,動詞,一般,*,*,五段-ワア行,連体形-一般
やく-名詞-普通名詞-一般-*-*-*,やく,ヤク,名詞,普通名詞,一般,*,*,*
立つ-動詞-一般-*-*-五段-タ行-連用形-一般,立つ,タチ,動詞,一般,*,*,五段-タ行,連用形-一般
高い-形容詞-一般-*-*-形容詞-終止形-一般,高い,タカイ,形容詞,一般,*,*,形容詞,終止形-一般
ワンピース-名詞-固有名詞-一般-*-*-*,ワンピース,ワンピース,名詞,固有名詞,一般,*,*,*
さつき-名詞-固有名詞-人名-名-*-*,さつき,サツキ,名詞,固有名詞,人名,名,*,*
読む-動詞-一般-*-*-五段-マ行-連用形-撥音便,読む,ヨン,動詞,一般,*,*,五段-マ行,連用形-撥音便
だ-助動詞-*-*-*-助動詞-タ-連体形-一般,だ,ダ,助動詞,*,*,*,助動詞-タ,連体形-一般
いいえ-感動詞-一般-*-*-*-*,いいえ,イイエ,感動詞,一般,*,*,*,*
今度-名詞-普通名詞-副詞可能-*-*-*,今度,コンド,名詞,普通名詞,副詞可能,*,*,*
みる-動詞-非自立可能-*-*-上一段-マ行-連体形-一般,みる,ミル,動詞,非自立可能,*,*,上一段-マ行,連体形-一般
去年-名詞-普通名詞-副詞可能-*-*-*,去年,キョネン,名詞,普通名詞,副詞可能,*,*,*
ホスト-名詞-普通名詞-一般-*-*-*,ホスト,ホスト,名詞,普通名詞,一般,*,*,*
クラスメート-名詞-普通名詞-一般-*-*-*,クラスメート,クラスメート,名詞,普通名詞,一般,*,*,*
ボックス-名詞-普通名詞-一般-*-*-*,ボックス,ボックス,名詞,普通名詞,一般,*,*,*
楽しい-形容詞-一般-*-*-形容詞-連用形-促音便,楽しい,タノシカッ,形容詞,一般,*,*,形容詞,連用形-促音便
天気予報-名詞-普通名詞-一般-*-*-*,天気予報,テンキヨホウ,名詞,普通名詞,一般,*,*,*
ニュース-名詞-普通名詞-一般-*-*-*,ニュース,ニュース,名詞,普通名詞,一般,*,*,*
ドラマ-名詞-普通名詞-一般-*-*-*,ドラマ,ドラマ,名詞,普通名詞,一般,*,*,*
バラエティー-名詞-普通名詞-一般-*-*-*,バラエティー,バラエティー,名詞,普通名詞,一般,*,*,*
日本語-名詞-普通名詞-一般-*-*-*,日本語,ニホンゴ,名詞,普通名詞,一般,*,*,*
おもしろい-形容詞-一般-*-*-形容詞-語幹-一般,おもしろい,オモシロ,形容詞,一般,*,*,形容詞,語幹-一般
そう-形状詞-助動詞語幹-*-*-*-*,そう,ソウ,形状詞,助動詞語幹,*,*,*,*
今日-名詞-普通名詞-副詞可能-*-*-*,今日,キョウ,名詞,普通名詞,副詞可能,*,*,*
もう-副詞-*-*-*-*-*,もう,モウ,副詞,*,*,*,*,*
話す-動詞-一般-*-*-五段-サ行-連用形-一般,話す,ハナシ,動詞,一般,*,*,五段-サ行,連用形-一般
進歩-名詞-普通名詞-サ変可能-*-*-*,進歩,シンポ,名詞,普通名詞,サ変可能,*,*,*
めざましい-形容詞-一般-*-*-形容詞-連用形-一般,めざましい,メザマシク,形容詞,一般,*,*,形容詞,連用形-一般
考える-動詞-一般-*-*-下一段-ア行-未然形-一般,考える,カンガエ,動詞,一般,*,*,下一段-ア行,未然形-一般
られる-助動詞-*-*-*-助動詞-レル-未然形-一般,られる,ラレ,助動詞,*,*,*,助動詞-レル,未然形-一般
ない-助動詞-*-*-*-助動詞-ナイ-連用形-促音便,ない,ナカッ,助動詞,*,*,*,助動詞-ナイ,連用形-促音便
できる-動詞-非自立可能-*-*-上一段-カ行-連体形-一般,できる,デキル,動詞,非自立可能,*,*,上一段-カ行,連体形-一般
たつ-動詞-一般-*-*-五段-タ行-連用形-促音便,たつ,タッ,動詞,一般,*,*,五段-タ行,連用形-促音便
二十-名詞-数詞-*-*-*-*,二十,ニジュウ,名詞,数詞,*,*,*,*
工場-名詞-普通名詞-一般-*-*-*,工場,コウジョウ,名詞,普通名詞,一般,*,*,*
ロボット-名詞-普通名詞-一般-*-*-*,ロボット,ロボット,名詞,普通名詞,一般,*,*,*
車-名詞-普通名詞-一般-*-*-*,車,クルマ,名詞,普通名詞,一般,*,*,*
くみたてる-動詞-一般-*-*-下一段-タ行-連用形-一般,くみたてる,クミタテ,動詞,一般,*,*,下一段-タ行,連用形-一般
いる-動詞-非自立可能-*-*-上一段-ア行-終止形-一般,いる,イル,動詞,非自立可能,*,*,上一段-ア行,終止形-一般
最近-名詞-普通名詞-副詞可能-*-*-*,最近,サイキン,名詞,普通名詞,副詞可能,*,*,*
家庭-名詞-普通名詞-一般-*-*-*,家庭,カテイ,名詞,普通名詞,一般,*,*,*
使える-動詞-一般-*-*-下一段-ア行-連体形-一般,使える,ツカエル,動詞,一般,*,*,下一段-ア行,連体形-一般
犬-名詞-普通名詞-一般-*-*-*,犬,イヌ,名詞,普通名詞,一般,*,*,*
ころぶ-動詞-一般-*-*-五段-バ行-連用形-撥音便,ころぶ,コロン,動詞,一般,*,*,五段-バ行,連用形-撥音便
おきあがれる-動詞-一般-*-*-下一段-ラ行-終止形-一般,おきあがれる,オキアガレル,動詞,一般,*,*,下一段-ラ行,終止形-一般
し-助詞-接続助詞-*-*-*-*,し,シ,助詞,接続助詞,*,*,*,*
ほめる-動詞-一般-*-*-下一段-マ行-連用形-一般,ほめる,ホメ,動詞,一般,*,*,下一段-マ行,連用形-一般
しかる-動詞-一般-*-*-五段-ラ行-連用形-促音便,しかる,シカッ,動詞,一般,*,*,五段-ラ行,連用形-促音便
する-動詞-非自立可能-*-*-サ行変格-終止形-一般,する,スル,動詞,非自立可能,*,*,サ行変格,終止形-一般
分かる-動詞-一般-*-*-五段-ラ行-終止形-一般,分かる,ワカル,動詞,一般,*,*,五段-ラ行,終止形-一般
私たち-名詞-普通名詞-一般-*-*-*,私たち,ワタシタチ,名詞,普通名詞,一般,*,*,*
言う-動詞-一般-*-*-五段-ワア行-連体形-一般,言う,イウ,動詞,一般,*,*,五段-ワア行,連体形-一般
分かる-動詞-一般-*-*-五段-ラ行-連体形-一般,分かる,ワカル,動詞,一般,*,*,五段-ラ行,連体形-一般
本当-名詞-普通名詞-一般-*-*-*,本当,ホントウ,名詞,普通名詞,一般,*,*,*
あんない-名詞-普通名詞-サ変可能-*-*-*,あんない,アンナイ,名詞,普通名詞,サ変可能,*,*,*
そうじ-名詞-普通名詞-サ変可能-*-*-*,そうじ,ソウジ,名詞,普通名詞,サ変可能,*,*,*
近い-形容詞-一般-*-*-形容詞-連体形-一般,近い,チカイ,形容詞,一般,*,*,形容詞,連体形-一般
将来-名詞-普通名詞-副詞可能-*-*-*,将来,ショウライ,名詞,普通名詞,副詞可能,*,*,*
もっと-副詞-*-*-*-*-*,もっと,モット,副詞,*,*,*,*,*
家事-名詞-普通名詞-サ変可能-*-*-*,家事,カジ,名詞,普通名詞,サ変可能,*,*,*
作る-動詞-一般-*-*-五段-ラ行-未然形-一般,作る,ツクラ,動詞,一般,*,*,五段-ラ行,未然形-一般
れる-助動詞-*-*-*-助動詞-レル-終止形-一般,れる,レル,助動詞,*,*,*,助動詞-レル,終止形-一般
だ-助動詞-*-*-*-助動詞-ダ-意志推量形,だ,ダロウ,助動詞,*,*,*,助動詞-ダ,意志推量形
たいてい-副詞-*-*-*-*-*,たいてい,タイテイ,副詞,*,*,*,*,*
家-名詞-普通名詞-一般-*-*-*,家,イエ,名詞,普通名詞,一般,*,*,*
留守番電話-名詞-普通名詞-一般-*-*-*,留守番電話,ルスバンデンワ,名詞,普通名詞,一般,*,*,*
携帯電話-名詞-普通名詞-一般-*-*-*,携帯電話,ケイタイデンワ,名詞,普通名詞,一般,*,*,*
持つ-動詞-一般-*-*-五段-タ行-連用形-促音便,持つ,モッ,動詞,一般,*,*,五段-タ行,連用形-促音便
スマートフォン-名詞-普通名詞-一般-*-*-*,スマートフォン,スマートフォン,名詞,普通名詞,一般,*,*,*
たくさん-形状詞-一般-*-*-*-*,たくさん,タクサン,形状詞,一般,*,*,*,*
機能-名詞-普通名詞-サ変可能-*-*-*,機能,キノウ,名詞,普通名詞,サ変可能,*,*,*
使える-動詞-一般-*-*-下一段-ア行-終止形-一般,使える,ツカエル,動詞,一般,*,*,下一段-ア行,終止形-一般
イーメール-名詞-普通名詞-一般-*-*-*,イーメール,イーメール,名詞,普通名詞,一般,*,*,*
おくる-動詞-一般-*-*-五段-ラ行-連用形-促音便,おくる,オクッ,動詞,一般,*,*,五段-ラ行,連用形-促音便
だり-助詞-副助詞-*-*-*-*,だり,ダリ,助詞,副助詞,*,*,*,*
できるだけ-副詞-*-*-*-*-*,できるだけ,デキルダケ,副詞,*,*,*,*,*
ない-形容詞-非自立可能-*-*-形容詞-連用形-一般,ない,ナク,形容詞,非自立可能,*,*,形容詞,連用形-一般
色々-形状詞-一般-*-*-*-*,色々,イロイロ,形状詞,一般,*,*,*,*
しらべる-動詞-一般-*-*-下一段-バ行-連用形-一般,しらべる,シラベ,動詞,一般,*,*,下一段-バ行,連用形-一般
できる-動詞-非自立可能-*-*-上一段-カ行-終止形-一般,できる,デキル,動詞,非自立可能,*,*,上一段-カ行,終止形-一般
うんてん-名詞-普通名詞-サ変可能-*-*-*,うんてん,ウンテン,名詞,普通名詞,サ変可能,*,*,*
ながら-助詞-接続助詞-*-*-*-*,ながら,ナガラ,助詞,接続助詞,*,*,*,*
使う-動詞-一般-*-*-五段-ワア行-終止形-一般,使う,ツカウ,動詞,一般,*,*,五段-ワア行,終止形-一般
あぶない-形容詞-一般-*-*-形容詞-終止形-一般,あぶない,アブナイ,形容詞,一般,*,*,形容詞,終止形-一般
かん-接尾辞-名詞的-一般-*-*-*,かん,カン,接尾辞,名詞的,一般,*,*,*
コンサート・ホール-名詞-普通名詞-一般-*-*-*,コンサート・ホール,コンサート・ホール,名詞,普通名詞,一般,*,*,*
た-助動詞-*-*-*-助動詞-タ-仮定形-一般,た,タラ,助動詞,*,*,*,助動詞-タ,仮定形-一般
じゃま-名詞-普通名詞-サ変形状詞可能-*-*-*,じゃま,ジャマ,名詞,普通名詞,サ変形状詞可能,*,*,*
使う-動詞-一般-*-*-五段-ワア行-連体形-一般,使う,ツカウ,動詞,一般,*,*,五段-ワア行,連体形-一般
マナー-名詞-普通名詞-一般-*-*-*,マナー,マナー,名詞,普通名詞,一般,*,*,*
気-名詞-普通名詞-一般-*-*-*,気,キ,名詞,普通名詞,一般,*,*,*
つける-動詞-非自立可能-*-*-下一段-カ行-未然形-一般,つける,ツケ,動詞,非自立可能,*,*,下一段-カ行,未然形-一般
ない-助動詞-*-*-*-助動詞-ナイ-仮定形-一般,ない,ナケレ,助動詞,*,*,*,助動詞-ナイ,仮定形-一般
なる-動詞-非自立可能-*-*-五段-ラ行-未然形-一般,なる,ナラ,動詞,非自立可能,*,*,五段-ラ行,未然形-一般
電話-名詞-普通名詞-サ変可能-*-*-*,電話,デンワ,名詞,普通名詞,サ変可能,*,*,*
ファックス-名詞-普通名詞-サ変可能-*-*-*,ファックス,ファックス,名詞,普通名詞,サ変可能,*,*,*
コンピュータ-名詞-普通名詞-一般-*-*-*,コンピュータ,コンピュータ,名詞,普通名詞,一般,*,*,*
普及-名詞-普通名詞-サ変可能-*-*-*,普及,フキュウ,名詞,普通名詞,サ変可能,*,*,*
さらに-副詞-*-*-*-*-*,さらに,サラニ,副詞,*,*,*,*,*
使う-動詞-一般-*-*-五段-ワア行-仮定形-一般,使う,ツカエ,動詞,一般,*,*,五段-ワア行,仮定形-一般
情報-名詞-普通名詞-一般-*-*-*,情報,ジョウホウ,名詞,普通名詞,一般,*,*,*
あつめる-動詞-一般-*-*-下一段-マ行-連用形-一般,あつめる,アツメ,動詞,一般,*,*,下一段-マ行,連用形-一般
銀行-名詞-普通名詞-一般-*-*-*,銀行,ギンコウ,名詞,普通名詞,一般,*,*,*
業務-名詞-普通名詞-一般-*-*-*,業務,ギョウム,名詞,普通名詞,一般,*,*,*
うけとる-動詞-一般-*-*-五段-ラ行-連用形-促音便,うけとる,ウケトッ,動詞,一般,*,*,五段-ラ行,連用形-促音便
グリーティング-名詞-普通名詞-一般-*-*-*,グリーティング,グリーティング,名詞,普通名詞,一般,*,*,*
カード-名詞-普通名詞-一般-*-*-*,カード,カード,名詞,普通名詞,一般,*,*,*
おくる-動詞-一般-*-*-五段-ラ行-連体形-一般,おくる,オクル,動詞,一般,*,*,五段-ラ行,連体形-一般
やはり-副詞-*-*-*-*-*,やはり,ヤハリ,副詞,*,*,*,*,*
手書き-名詞-普通名詞-サ変可能-*-*-*,手書き,テガキ,名詞,普通名詞,サ変可能,*,*,*
ほう-名詞-普通名詞-一般-*-*-*,ほう,ホウ,名詞,普通名詞,一般,*,*,*
心-名詞-普通名詞-サ変可能-*-*-*,心,ココロ,名詞,普通名詞,サ変可能,*,*,*
こもる-動詞-一般-*-*-五段-ラ行-連用形-促音便,こもる,コモッ,動詞,一般,*,*,五段-ラ行,連用形-促音便
うれしい-形容詞-一般-*-*-形容詞-終止形-一般,うれしい,ウレシイ,形容詞,一般,*,*,形容詞,終止形-一般
2016-名詞-数詞-*-*-*-*,2016,ニレイイチロク,名詞,数詞,*,*,*,*
うけい-名詞-普通名詞-一般-*-*-*,うけい,ウケイ,名詞,普通名詞,一般,*,*,*
よる-動詞-一般-*-*-五段-ラ行-終止形-一般,よる,ヨル,動詞,一般,*,*,五段-ラ行,終止形-一般
86-名詞-数詞-*-*-*-*,86,ハチロク,名詞,数詞,*,*,*,*
2006-名詞-数詞-*-*-*-*,2006,ニレイレイロク,名詞,数詞,*,*,*,*
67-名詞-数詞-*-*-*-*,67,ロクナナ,名詞,数詞,*,*,*,*
利用-名詞-普通名詞-サ変可能-*-*-*,利用,リヨウ,名詞,普通名詞,サ変可能,*,*,*
56-名詞-数詞-*-*-*-*,56,ゴロク,名詞,数詞,*,*,*,*
だ-助動詞-*-*-*-助動詞-ダ-連用形-促音便,だ,ダッ,助動詞,*,*,*,助動詞-ダ,連用形-促音便
急速-形状詞-一般-*-*-*-*,急速,キュウソク,形状詞,一般,*,*,*,*
生活-名詞-普通名詞-サ変可能-*-*-*,生活,セイカツ,名詞,普通名詞,サ変可能,*,*,*
一部-名詞-普通名詞-副詞可能-*-*-*,一部,イチブ,名詞,普通名詞,副詞可能,*,*,*
いる-動詞-非自立可能-*-*-上一段-ア行-連体形-一般,いる,イル,動詞,非自立可能,*,*,上一段-ア行,連体形-一般
インフォーメーション-名詞-普通名詞-一般-*-*-*,インフォーメーション,インフォーメーション,名詞,普通名詞,一般,*,*,*
テクノロジー-名詞-普通名詞-一般-*-*-*,テクノロジー,テクノロジー,名詞,普通名詞,一般,*,*,*
IT-名詞-普通名詞-一般-*-*-*,IT,アイティー,名詞,普通名詞,一般,*,*,*
たいせつ-形状詞-一般-*-*-*-*,たいせつ,タイセツ,形状詞,一般,*,*,*,*
科目-名詞-普通名詞-一般-*-*-*,科目,カモク,名詞,普通名詞,一般,*,*,*
生徒-名詞-普通名詞-一般-*-*-*,生徒,セイト,名詞,普通名詞,一般,*,*,*
小学校-名詞-普通名詞-一般-*-*-*,小学校,ショウガッコウ,名詞,普通名詞,一般,*,*,*
人々-名詞-普通名詞-一般-*-*-*,人々,ヒトビト,名詞,普通名詞,一般,*,*,*
さらに-接続詞-*-*-*-*-*,さらに,サラニ,接続詞,*,*,*,*,*
社会人-名詞-普通名詞-一般-*-*-*,社会人,シャカイジン,名詞,普通名詞,一般,*,*,*
コンビュータ-名詞-普通名詞-一般-*-*-*,コンビュータ,コンビュータ,名詞,普通名詞,一般,*,*,*
クラス-名詞-普通名詞-一般-*-*-*,クラス,クラス,名詞,普通名詞,一般,*,*,*
気軽-形状詞-一般-*-*-*-*,気軽,キガル,形状詞,一般,*,*,*,*
勉強-名詞-普通名詞-サ変可能-*-*-*,勉強,ベンキョウ,名詞,普通名詞,サ変可能,*,*,*
使う-動詞-一般-*-*-五段-ワア行-未然形-一般,使う,ツカワ,動詞,一般,*,*,五段-ワア行,未然形-一般
社会-名詞-普通名詞-一般-*-*-*,社会,シャカイ,名詞,普通名詞,一般,*,*,*
私-代名詞-*-*-*-*-*,私,ワタクシ,代名詞,*,*,*,*,*
名前-名詞-普通名詞-一般-*-*-*,名前,ナマエ,名詞,普通名詞,一般,*,*,*
前川-名詞-固有名詞-人名-姓-*-*,前川,マエカワ,名詞,固有名詞,人名,姓,*,*
道子-名詞-固有名詞-人名-名-*-*,道子,ミチコ,名詞,固有名詞,人名,名,*,*
ぜんぶ-名詞-普通名詞-副詞可能-*-*-*,ぜんぶ,ゼンブ,名詞,普通名詞,副詞可能,*,*,*
大きい-形容詞-一般-*-*-形容詞-終止形-一般,大きい,オオキイ,形容詞,一般,*,*,形容詞,終止形-一般
父-名詞-普通名詞-一般-*-*-*,父,チチ,名詞,普通名詞,一般,*,*,*
母-名詞-普通名詞-一般-*-*-*,母,ハハ,名詞,普通名詞,一般,*,*,*
父方-名詞-普通名詞-一般-*-*-*,父方,チチカタ,名詞,普通名詞,一般,*,*,*
姉-名詞-普通名詞-一般-*-*-*,姉,アネ,名詞,普通名詞,一般,*,*,*
弟-名詞-普通名詞-一般-*-*-*,弟,オトウト,名詞,普通名詞,一般,*,*,*
七十六-名詞-数詞-*-*-*-*,七十六,ナナジュウロク,名詞,数詞,*,*,*,*
七十五-名詞-数詞-*-*-*-*,七十五,ナナジュウゴ,名詞,数詞,*,*,*,*
元気-名詞-普通名詞-形状詞可能-*-*-*,元気,ゲンキ,名詞,普通名詞,形状詞可能,*,*,*
やさしい-形容詞-一般-*-*-形容詞-終止形-一般,やさしい,ヤサシイ,形容詞,一般,*,*,形容詞,終止形-一般
都会-名詞-普通名詞-一般-*-*-*,都会,トカイ,名詞,普通名詞,一般,*,*,*
せまい-形容詞-一般-*-*-形容詞-終止形-一般,せまい,セマイ,形容詞,一般,*,*,形容詞,終止形-一般
住む-動詞-一般-*-*-五段-マ行-連用形-一般,住む,スミ,動詞,一般,*,*,五段-マ行,連用形-一般
中学校-名詞-普通名詞-一般-*-*-*,中学校,チュウガッコウ,名詞,普通名詞,一般,*,*,*
先生-名詞-普通名詞-一般-*-*-*,先生,センセイ,名詞,普通名詞,一般,*,*,*
いそがしい-形容詞-一般-*-*-形容詞-連用形-一般,いそがしい,イソガシク,形容詞,一般,*,*,形容詞,連用形-一般
夕方-名詞-普通名詞-副詞可能-*-*-*,夕方,ユウガタ,名詞,普通名詞,副詞可能,*,*,*
ごろ-名詞-普通名詞-副詞可能-*-*-*,ごろ,ゴロ,名詞,普通名詞,副詞可能,*,*,*
帰る-動詞-一般-*-*-五段-ラ行-連用形-一般,帰る,カエリ,動詞,一般,*,*,五段-ラ行,連用形-一般
さびしい-形容詞-一般-*-*-形容詞-連用形-一般,さびしい,サビシク,形容詞,一般,*,*,形容詞,連用形-一般
古い-形容詞-一般-*-*-形容詞-連体形-一般,古い,フルイ,形容詞,一般,*,*,形容詞,連体形-一般
うたう-動詞-一般-*-*-五段-ワア行-連用形-促音便,うたう,ウタッ,動詞,一般,*,*,五段-ワア行,連用形-促音便
しょうぎ-名詞-普通名詞-一般-*-*-*,しょうぎ,ショウギ,名詞,普通名詞,一般,*,*,*
教える-動詞-一般-*-*-下一段-ア行-連用形-一般,教える,オシエ,動詞,一般,*,*,下一段-ア行,連用形-一般
する-動詞-非自立可能-*-*-サ行変格-未然形-一般,する,シ,動詞,非自立可能,*,*,サ行変格,未然形-一般
今年-名詞-普通名詞-副詞可能-*-*-*,今年,コトシ,名詞,普通名詞,副詞可能,*,*,*
始-名詞-普通名詞-副詞可能-*-*-*,始,ハジメ,名詞,普通名詞,副詞可能,*,*,*
大学生-名詞-普通名詞-一般-*-*-*,大学生,ダイガクセイ,名詞,普通名詞,一般,*,*,*
大学-名詞-普通名詞-一般-*-*-*,大学,ダイガク,名詞,普通名詞,一般,*,*,*
教育-名詞-普通名詞-サ変可能-*-*-*,教育,キョウイク,名詞,普通名詞,サ変可能,*,*,*
始める-動詞-非自立可能-*-*-下一段-マ行-連用形-一般,始める,ハジメ,動詞,非自立可能,*,*,下一段-マ行,連用形-一般
かよう-動詞-一般-*-*-五段-ワア行-連用形-促音便,かよう,カヨッ,動詞,一般,*,*,五段-ワア行,連用形-促音便
高校-名詞-普通名詞-一般-*-*-*,高校,コウコウ,名詞,普通名詞,一般,*,*,*
終わる-動詞-非自立可能-*-*-五段-ラ行-連用形-一般,終わる,オワリ,動詞,非自立可能,*,*,五段-ラ行,連用形-一般
二十四-名詞-数詞-*-*-*-*,二十四,ニジュウヨン,名詞,数詞,*,*,*,*
まこと-名詞-普通名詞-一般-*-*-*,まこと,マコト,名詞,普通名詞,一般,*,*,*
ひさしい-形容詞-一般-*-*-形容詞-語幹-一般,ひさしい,ヒサシ,形容詞,一般,*,*,形容詞,語幹-一般
ぶり-接尾辞-名詞的-一般-*-*-*,ぶり,ブリ,接尾辞,名詞的,一般,*,*,*
しける-動詞-一般-*-*-下一段-カ行-未然形-一般,しける,シケ,動詞,一般,*,*,下一段-カ行,未然形-一般
アルバイト-名詞-普通名詞-サ変可能-*-*-*,アルバイト,アルバイト,名詞,普通名詞,サ変可能,*,*,*
毎日-名詞-普通名詞-副詞可能-*-*-*,毎日,マイニチ,名詞,普通名詞,副詞可能,*,*,*
しばらく-副詞-*-*-*-*-*,しばらく,シバラク,副詞,*,*,*,*,*
手紙-名詞-普通名詞-一般-*-*-*,手紙,テガミ,名詞,普通名詞,一般,*,*,*
書く-動詞-一般-*-*-五段-カ行-連体形-一般,書く,カク,動詞,一般,*,*,五段-カ行,連体形-一般
けん-助詞-接続助詞-*-*-*-*,けん,ケン,助詞,接続助詞,*,*,*,*
クラブ-名詞-普通名詞-一般-*-*-*,クラブ,クラブ,名詞,普通名詞,一般,*,*,*
いそがしい-形容詞-一般-*-*-形容詞-連用形-促音便,いそがしい,イソガシカッ,形容詞,一般,*,*,形容詞,連用形-促音便
すぐ-副詞-*-*-*-*-*,すぐ,スグ,副詞,*,*,*,*,*
冬休み-名詞-普通名詞-一般-*-*-*,冬休み,フユヤスミ,名詞,普通名詞,一般,*,*,*
始まる-動詞-一般-*-*-五段-ラ行-連用形-一般,始まる,ハジマリ,動詞,一般,*,*,五段-ラ行,連用形-一般
いつ-代名詞-*-*-*-*-*,いつ,イツ,代名詞,*,*,*,*,*
終わり-名詞-普通名詞-一般-*-*-*,終わり,オワリ,名詞,普通名詞,一般,*,*,*
つもり-名詞-普通名詞-一般-*-*-*,つもり,ツモリ,名詞,普通名詞,一般,*,*,*
広島-名詞-固有名詞-地名-一般-*-*,広島,ヒロシマ,名詞,固有名詞,地名,一般,*,*
思う-動詞-一般-*-*-五段-ワア行-連用形-促音便,思う,オモッ,動詞,一般,*,*,五段-ワア行,連用形-促音便
住む-動詞-一般-*-*-五段-マ行-連用形-撥音便,住む,スン,動詞,一般,*,*,五段-マ行,連用形-撥音便
奈良-名詞-固有名詞-地名-一般-*-*,奈良,ナラ,名詞,固有名詞,地名,一般,*,*
有名-形状詞-一般-*-*-*-*,有名,ユウメイ,形状詞,一般,*,*,*,*
東大寺-名詞-固有名詞-人名-姓-*-*,東大寺,トウダイジ,名詞,固有名詞,人名,姓,*,*
大きい-形容詞-一般-*-*-形容詞-連体形-一般,大きい,オオキイ,形容詞,一般,*,*,形容詞,連体形-一般
仏像-名詞-普通名詞-一般-*-*-*,仏像,ブツゾウ,名詞,普通名詞,一般,*,*,*
ホームステイ-名詞-普通名詞-サ変可能-*-*-*,ホームステイ,ホームステイ,名詞,普通名詞,サ変可能,*,*,*
文化-名詞-普通名詞-一般-*-*-*,文化,ブンカ,名詞,普通名詞,一般,*,*,*
知る-動詞-一般-*-*-五段-ラ行-連体形-一般,知る,シル,動詞,一般,*,*,五段-ラ行,連体形-一般
練習-名詞-普通名詞-サ変可能-*-*-*,練習,レンシュウ,名詞,普通名詞,サ変可能,*,*,*
けいかく-名詞-普通名詞-サ変可能-*-*-*,けいかく,ケイカク,名詞,普通名詞,サ変可能,*,*,*
立てる-動詞-一般-*-*-下一段-タ行-連体形-一般,立てる,タテル,動詞,一般,*,*,下一段-タ行,連体形-一般
都合-名詞-普通名詞-一般-*-*-*,都合,ツゴウ,名詞,普通名詞,一般,*,*,*
下さる-動詞-非自立可能-*-*-五段-ラ行-命令形,下さる,クダサイ,動詞,非自立可能,*,*,五段-ラ行,命令形
へんじ-名詞-普通名詞-サ変可能-*-*-*,へんじ,ヘンジ,名詞,普通名詞,サ変可能,*,*,*
待つ-動詞-一般-*-*-五段-タ行-連用形-促音便,待つ,マッ,動詞,一般,*,*,五段-タ行,連用形-促音便
ケビン-名詞-固有名詞-人名-一般-*-*,ケビン,ケビン,名詞,固有名詞,人名,一般,*,*
日記-名詞-普通名詞-一般-*-*-*,日記,ニッキ,名詞,普通名詞,一般,*,*,*
二十七-名詞-数詞-*-*-*-*,二十七,ニジュウナナ,名詞,数詞,*,*,*,*
天気-名詞-普通名詞-一般-*-*-*,天気,テンキ,名詞,普通名詞,一般,*,*,*
朝-名詞-普通名詞-副詞可能-*-*-*,朝,アサ,名詞,普通名詞,副詞可能,*,*,*
早い-形容詞-一般-*-*-形容詞-連用形-一般,早い,ハヤク,形容詞,一般,*,*,形容詞,連用形-一般
おきる-動詞-一般-*-*-上一段-カ行-連用形-一般,おきる,オキ,動詞,一般,*,*,上一段-カ行,連用形-一般
電車-名詞-普通名詞-一般-*-*-*,電車,デンシャ,名詞,普通名詞,一般,*,*,*
大阪-名詞-固有名詞-地名-一般-*-*,大阪,オオサカ,名詞,固有名詞,地名,一般,*,*
新-接頭辞-*-*-*-*-*,新,シン,接頭辞,*,*,*,*,*
新幹線-名詞-普通名詞-一般-*-*-*,新幹線,シンカンセン,名詞,普通名詞,一般,*,*,*
乗る-動詞-一般-*-*-五段-ラ行-連用形-促音便,乗る,ノッ,動詞,一般,*,*,五段-ラ行,連用形-促音便
はじめて-副詞-*-*-*-*-*,はじめて,ハジメテ,副詞,*,*,*,*,*
わくわく-副詞-*-*-*-*-*,わくわく,ワクワク,副詞,*,*,*,*,*
十二分-形状詞-一般-*-*-*-*,十二分,ジュウニブン,形状詞,一般,*,*,*,*
かかる-動詞-非自立可能-*-*-五段-ラ行-連用形-促音便,かかる,カカッ,動詞,非自立可能,*,*,五段-ラ行,連用形-促音便
はやい-形容詞-一般-*-*-形容詞-連用形-一般,はやい,ハヤク,形容詞,一般,*,*,形容詞,連用形-一般
まど-名詞-普通名詞-一般-*-*-*,まど,マド,名詞,普通名詞,一般,*,*,*
町-名詞-普通名詞-一般-*-*-*,町,マチ,名詞,普通名詞,一般,*,*,*
いなか-名詞-普通名詞-一般-*-*-*,いなか,イナカ,名詞,普通名詞,一般,*,*,*
のどか-形状詞-一般-*-*-*-*,のどか,ノドカ,形状詞,一般,*,*,*,*
ふう-名詞-普通名詞-形状詞可能-*-*-*,ふう,フウ,名詞,普通名詞,形状詞可能,*,*,*
けい-名詞-普通名詞-一般-*-*-*,けい,ケイ,名詞,普通名詞,一般,*,*,*
見える-動詞-一般-*-*-下一段-ア行-連用形-一般,見える,ミエ,動詞,一般,*,*,下一段-ア行,連用形-一般
午前-名詞-普通名詞-副詞可能-*-*-*,午前,ゴゼン,名詞,普通名詞,副詞可能,*,*,*
広島駅-名詞-固有名詞-一般-*-*-*,広島駅,ヒロシマエキ,名詞,固有名詞,一般,*,*,*
着く-動詞-一般-*-*-五段-カ行-連用形-イ音便,着く,ツイ,動詞,一般,*,*,五段-カ行,連用形-イ音便
市電-名詞-普通名詞-一般-*-*-*,市電,シデン,名詞,普通名詞,一般,*,*,*
平和-名詞-普通名詞-形状詞可能-*-*-*,平和,ヘイワ,名詞,普通名詞,形状詞可能,*,*,*
記念公園-名詞-普通名詞-一般-*-*-*,記念公園,キネンコウエン,名詞,普通名詞,一般,*,*,*
記念-名詞-普通名詞-サ変可能-*-*-*,記念,キネン,名詞,普通名詞,サ変可能,*,*,*
資料館-名詞-普通名詞-一般-*-*-*,資料館,シリョウカン,名詞,普通名詞,一般,*,*,*
見学-名詞-普通名詞-サ変可能-*-*-*,見学,ケンガク,名詞,普通名詞,サ変可能,*,*,*
原爆-名詞-普通名詞-一般-*-*-*,原爆,ゲンバク,名詞,普通名詞,一般,*,*,*
こわい-形容詞-一般-*-*-形容詞-語幹-一般,こわい,コワ,形容詞,一般,*,*,形容詞,語幹-一般
かんずる-動詞-一般-*-*-サ行変格-連用形-一般,かんずる,カンジ,動詞,一般,*,*,サ行変格,連用形-一般
出る-動詞-一般-*-*-下一段-ダ行-終止形-一般,出る,デル,動詞,一般,*,*,下一段-ダ行,終止形-一般
広い-形容詞-一般-*-*-形容詞-連体形-一般,広い,ヒロイ,形容詞,一般,*,*,形容詞,連体形-一般
記念碑-名詞-普通名詞-一般-*-*-*,記念碑,キネンヒ,名詞,普通名詞,一般,*,*,*
いのる-動詞-一般-*-*-五段-ラ行-連用形-促音便,いのる,イノッ,動詞,一般,*,*,五段-ラ行,連用形-促音便
ドーム-名詞-普通名詞-一般-*-*-*,ドーム,ドーム,名詞,普通名詞,一般,*,*,*
たち-接尾辞-名詞的-一般-*-*-*,たち,タチ,接尾辞,名詞的,一般,*,*,*
かなしい-形容詞-一般-*-*-形容詞-連体形-一般,かなしい,カナシイ,形容詞,一般,*,*,形容詞,連体形-一般
今-接頭辞-*-*-*-*-*,今,コン,接頭辞,*,*,*,*,*
しずか-形状詞-一般-*-*-*-*,しずか,シズカ,形状詞,一般,*,*,*,*
ユース-名詞-普通名詞-一般-*-*-*,ユース,ユース,名詞,普通名詞,一般,*,*,*
ホステル-名詞-普通名詞-一般-*-*-*,ホステル,ホステル,名詞,普通名詞,一般,*,*,*
泊-名詞-普通名詞-助数詞可能-*-*-*,泊,ハク,名詞,普通名詞,助数詞可能,*,*,*
ゆっくり-副詞-*-*-*-*-*,ゆっくり,ユックリ,副詞,*,*,*,*,*
行-名詞-普通名詞-助数詞可能-*-*-*,行,ギョウ,名詞,普通名詞,助数詞可能,*,*,*
くっ-副詞-*-*-*-*-*,くっ,クッ,副詞,*,*,*,*,*
もり-名詞-普通名詞-一般-*-*-*,もり,モリ,名詞,普通名詞,一般,*,*,*
楽しみ-名詞-普通名詞-一般-*-*-*,楽しみ,タノシミ,名詞,普通名詞,一般,*,*,*
インタビュー-名詞-普通名詞-サ変可能-*-*-*,インタビュー,インタビュー,名詞,普通名詞,サ変可能,*,*,*
マイケル-名詞-固有名詞-人名-一般-*-*,マイケル,マイケル,名詞,固有名詞,人名,一般,*,*
くらべる-動詞-一般-*-*-下一段-バ行-終止形-一般,くらべる,クラベル,動詞,一般,*,*,下一段-バ行,終止形-一般
聞く-動詞-一般-*-*-五段-カ行-連用形-イ音便,聞く,キイ,動詞,一般,*,*,五段-カ行,連用形-イ音便
さとし-名詞-固有名詞-人名-名-*-*,さとし,サトシ,名詞,固有名詞,人名,名,*,*
知る-動詞-一般-*-*-五段-ラ行-連用形-一般,知る,シリ,動詞,一般,*,*,五段-ラ行,連用形-一般
6-名詞-数詞-*-*-*-*,6,ロク,名詞,数詞,*,*,*,*
年間-名詞-普通名詞-助数詞可能-*-*-*,年間,ネンカン,名詞,普通名詞,助数詞可能,*,*,*
分かれる-動詞-一般-*-*-下一段-ラ行-連用形-一般,分かれる,ワカレ,動詞,一般,*,*,下一段-ラ行,連用形-一般
入学-名詞-普通名詞-サ変可能-*-*-*,入学,ニュウガク,名詞,普通名詞,サ変可能,*,*,*
けん-名詞-固有名詞-人名-名-*-*,けん,ケン,名詞,固有名詞,人名,名,*,*
うける-動詞-一般-*-*-下一段-カ行-未然形-一般,うける,ウケ,動詞,一般,*,*,下一段-カ行,未然形-一般
私立-名詞-普通名詞-一般-*-*-*,私立,シリツ,名詞,普通名詞,一般,*,*,*
公立-名詞-普通名詞-一般-*-*-*,公立,コウリツ,名詞,普通名詞,一般,*,*,*
さかん-形状詞-一般-*-*-*-*,さかん,サカン,形状詞,一般,*,*,*,*
ない-助動詞-*-*-*-助動詞-ナイ-連用形-一般,ない,ナク,助動詞,*,*,*,助動詞-ナイ,連用形-一般
後-名詞-普通名詞-副詞可能-*-*-*,後,アト,名詞,普通名詞,副詞可能,*,*,*
しあい-名詞-普通名詞-サ変可能-*-*-*,しあい,シアイ,名詞,普通名詞,サ変可能,*,*,*
じゅぎょう-名詞-普通名詞-サ変可能-*-*-*,じゅぎょう,ジュギョウ,名詞,普通名詞,サ変可能,*,*,*
そんな-形状詞-一般-*-*-*-*,そんな,ソンナ,形状詞,一般,*,*,*,*
入る-動詞-一般-*-*-五段-ラ行-連用形-促音便,入る,ハイッ,動詞,一般,*,*,五段-ラ行,連用形-促音便
友達-名詞-普通名詞-一般-*-*-*,友達,トモダチ,名詞,普通名詞,一般,*,*,*
作る-動詞-一般-*-*-五段-ラ行-連用形-一般,作る,ツクリ,動詞,一般,*,*,五段-ラ行,連用形-一般
理由-名詞-普通名詞-一般-*-*-*,理由,リユウ,名詞,普通名詞,一般,*,*,*
つ-接尾辞-名詞的-助数詞-*-*-*,つ,ツ,接尾辞,名詞的,助数詞,*,*,*
外-名詞-普通名詞-一般-*-*-*,外,ソト,名詞,普通名詞,一般,*,*,*
高校生-名詞-普通名詞-一般-*-*-*,高校生,コウコウセイ,名詞,普通名詞,一般,*,*,*
11-名詞-数詞-*-*-*-*,11,イチイチ,名詞,数詞,*,*,*,*
7-名詞-数詞-*-*-*-*,7,ナナ,名詞,数詞,*,*,*,*
そつぎょう-名詞-普通名詞-サ変可能-*-*-*,そつぎょう,ソツギョウ,名詞,普通名詞,サ変可能,*,*,*
毎年-名詞-普通名詞-副詞可能-*-*-*,毎年,マイトシ,名詞,普通名詞,副詞可能,*,*,*
10-名詞-数詞-*-*-*-*,10,イチレイ,名詞,数詞,*,*,*,*
ライク-名詞-普通名詞-一般-*-*-*,ライク,ライク,名詞,普通名詞,一般,*,*,*
としお-名詞-固有名詞-人名-名-*-*,としお,トシオ,名詞,固有名詞,人名,名,*,*
マイク-名詞-固有名詞-人名-一般-*-*,マイク,マイク,名詞,固有名詞,人名,一般,*,*
おく-動詞-非自立可能-*-*-五段-カ行-連体形-一般,おく,オク,動詞,非自立可能,*,*,五段-カ行,連体形-一般
ん-助詞-準体助詞-*-*-*-*,ん,ン,助詞,準体助詞,*,*,*,*
来月-名詞-普通名詞-副詞可能-*-*-*,来月,ライゲツ,名詞,普通名詞,副詞可能,*,*,*
しお-名詞-普通名詞-一般-*-*-*,しお,シオ,名詞,普通名詞,一般,*,*,*
何人-名詞-普通名詞-一般-*-*-*,何人,ナンニン,名詞,普通名詞,一般,*,*,*
兄-名詞-普通名詞-一般-*-*-*,兄,アニ,名詞,普通名詞,一般,*,*,*
お父さん-名詞-普通名詞-一般-*-*-*,お父さん,オトウサン,名詞,普通名詞,一般,*,*,*
お母さん-名詞-普通名詞-一般-*-*-*,お母さん,オカアサン,名詞,普通名詞,一般,*,*,*
シェフ-名詞-普通名詞-一般-*-*-*,シェフ,シェフ,名詞,普通名詞,一般,*,*,*
手つだう-動詞-一般-*-*-五段-ワア行-連用形-一般,手つだう,テツダイ,動詞,一般,*,*,五段-ワア行,連用形-一般
す-助動詞-*-*-*-助動詞-デス-終止形-一般,す,ス,助動詞,*,*,*,助動詞-デス,終止形-一般
和食-名詞-普通名詞-一般-*-*-*,和食,ワショク,名詞,普通名詞,一般,*,*,*
食べ物-名詞-普通名詞-一般-*-*-*,食べ物,タベモノ,名詞,普通名詞,一般,*,*,*
すし-名詞-普通名詞-一般-*-*-*,すし,スシ,名詞,普通名詞,一般,*,*,*
うどん-名詞-普通名詞-一般-*-*-*,うどん,ウドン,名詞,普通名詞,一般,*,*,*
てんぷら-名詞-普通名詞-一般-*-*-*,てんぷら,テンプラ,名詞,普通名詞,一般,*,*,*
何才-名詞-普通名詞-一般-*-*-*,何才,ナンサイ,名詞,普通名詞,一般,*,*,*
十三-名詞-数詞-*-*-*-*,十三,ジュウサン,名詞,数詞,*,*,*,*
第-名詞-普通名詞-一般-*-*-*,第,ダイ,名詞,普通名詞,一般,*,*,*
空手-名詞-普通名詞-一般-*-*-*,空手,カラテ,名詞,普通名詞,一般,*,*,*
習う-動詞-一般-*-*-五段-ワア行-連用形-促音便,習う,ナラッ,動詞,一般,*,*,五段-ワア行,連用形-促音便
とき-名詞-普通名詞-副詞可能-*-*-*,とき,トキ,名詞,普通名詞,副詞可能,*,*,*
道場-名詞-普通名詞-一般-*-*-*,道場,ドウジョウ,名詞,普通名詞,一般,*,*,*
だいじょうぶ-形状詞-一般-*-*-*-*,だいじょうぶ,ダイジョウブ,形状詞,一般,*,*,*,*
